unique_key,created_date,closed_date,agency,agency_name,complaint_type,descriptor,location_type,incident_zip,city,status,due_date,resolution_action_updated_date,community_board,council_district,police_precinct,borough,open_data_channel_type,latitude,longitude,valid_latitude,valid_longitude,has_valid_coordinates,valid_zip_format,borough_raw,status_raw,created_year,created_month_number,created_month_name,created_day_name,created_hour,created_date_only,is_closed,invalid_date_sequence,resolution_hours,resolution_days,sla_evaluable,sla_met
63572086,2025-01-01 00:51:02,2025-03-02 00:51:37,DOHMH,Department of Health and Mental Hygiene,Smoking or Vaping,Allowed in Smoke Free Area,Residential Building,10475,BRONX,Closed,,2025-03-02 00:51:40,10 BRONX,12,Precinct 45,Bronx,Online,40.87518936518711,-73.82899057253027,True,True,True,True,BRONX,Closed,2025,1,January,Wednesday,0,2025-01-01,True,False,1440.0097222222223,60.000405092592594,False,
63572092,2025-01-01 00:54:26,2025-01-01 01:47:36,NYPD,New York City Police Department,Illegal Parking,Parking Permit Improper Use,Street/Sidewalk,11373,ELMHURST,Closed,,2025-01-01 01:47:39,04 QUEENS,25,Precinct 110,Queens,Mobile,40.74372457856198,-73.87311388337658,True,True,True,True,QUEENS,Closed,2025,1,January,Wednesday,0,2025-01-01,True,False,0.8861111111111111,0.03692129629629629,False,
63572113,2025-01-01 01:14:30,2025-01-01 04:38:47,NYPD,New York City Police Department,Blocked Driveway,No Access,Street/Sidewalk,11208,BROOKLYN,Closed,,2025-01-01 04:38:53,05 BROOKLYN,42,Precinct 75,Brooklyn,Mobile,40.67321957623109,-73.87800662913914,True,True,True,True,BROOKLYN,Closed,2025,1,January,Wednesday,1,2025-01-01,True,False,3.4047222222222224,0.14186342592592593,False,
63572115,2025-01-01 01:20:52,2025-01-01 02:21:14,NYPD,New York City Police Department,Blocked Driveway,No Access,Street/Sidewalk,11420,SOUTH OZONE PARK,Closed,,2025-01-01 02:21:17,10 QUEENS,28,Precinct 106,Queens,Online,40.68528094395994,-73.8114817389467,True,True,True,True,QUEENS,Closed,2025,1,January,Wednesday,1,2025-01-01,True,False,1.0061111111111112,0.0419212962962963,False,
63572131,2025-01-01 01:12:27,2025-01-01 04:37:23,NYPD,New York City Police Department,Blocked Driveway,No Access,Street/Sidewalk,11207,BROOKLYN,Closed,,2025-01-01 04:37:27,05 BROOKLYN,37,Precinct 75,Brooklyn,Mobile,40.67961711979871,-73.89115806932413,True,True,True,True,BROOKLYN,Closed,2025,1,January,Wednesday,1,2025-01-01,True,False,3.4155555555555557,0.1423148148148148,False,
63572219,2025-01-01 00:07:36,2025-01-01 01:33:12,NYPD,New York City Police Department,Blocked Driveway,No Access,Street/Sidewalk,11436,JAMAICA,Closed,,2025-01-01 01:33:15,12 QUEENS,28,Precinct 113,Queens,Phone,40.68090238132234,-73.79505336372328,True,True,True,True,QUEENS,Closed,2025,1,January,Wednesday,0,2025-01-01,True,False,1.4266666666666667,0.059444444444444446,False,
63572256,2025-01-01 00:19:00,2025-01-01 00:19:00,DOT,Department of Transportation,Traffic Signal Condition,Controller,,11360,QUEENS,Closed,,2025-01-01 00:19:00,11 QUEENS,19,Precinct 111,Queens,Unknown,40.77489949220217,-73.78894030936333,True,True,True,True,QUEENS,Closed,2025,1,January,Wednesday,0,2025-01-01,True,False,0.0,0.0,False,
63572310,2025-01-01 00:11:45,2025-01-01 01:21:57,NYPD,New York City Police Department,Illegal Fireworks,N/A,Street/Sidewalk,11377,WOODSIDE,Closed,,2025-01-01 01:22:00,02 QUEENS,26,Precinct 108,Queens,Online,40.7368217792085,-73.90467568895188,True,True,True,True,QUEENS,Closed,2025,1,January,Wednesday,0,2025-01-01,True,False,1.17,0.048749999999999995,False,
63572311,2025-01-01 00:14:54,2025-01-01 01:19:02,NYPD,New York City Police Department,Illegal Fireworks,N/A,Street/Sidewalk,11223,BROOKLYN,Closed,,2025-01-01 01:19:04,11 BROOKLYN,43,Precinct 62,Brooklyn,Online,40.600453079265655,-73.98481066562013,True,True,True,True,BROOKLYN,Closed,2025,1,January,Wednesday,0,2025-01-01,True,False,1.068888888888889,0.04453703703703704,False,
63572312,2025-01-01 00:17:41,2025-01-01 00:30:38,NYPD,New York City Police Department,Illegal Fireworks,N/A,Street/Sidewalk,11226,BROOKLYN,Closed,,2025-01-01 00:30:39,14 BROOKLYN,45,Precinct 70,Brooklyn,Online,40.63877689410836,-73.95655329821471,True,True,True,True,BROOKLYN,Closed,2025,1,January,Wednesday,0,2025-01-01,True,False,0.21583333333333332,0.008993055555555554,False,
63572326,2025-01-01 00:38:37,2025-01-01 01:14:24,NYPD,New York City Police Department,Noise - Commercial,Loud Music/Party,Club/Bar/Restaurant,10024,NEW YORK,Closed,,2025-01-01 01:14:26,07 MANHATTAN,06,Precinct 20,Manhattan,Online,40.78670594836629,-73.97571502544679,True,True,True,True,MANHATTAN,Closed,2025,1,January,Wednesday,0,2025-01-01,True,False,0.5963888888888889,0.024849537037037035,False,
63572328,2025-01-01 00:30:55,2025-01-01 01:22:16,NYPD,New York City Police Department,Illegal Fireworks,N/A,Residential Building/House,10469,,Closed,,2025-01-01 01:22:20,11 BRONX,13,Precinct 49,Bronx,Phone,40.860937390539306,-73.84544377702679,True,True,True,True,BRONX,Closed,2025,1,January,Wednesday,0,2025-01-01,True,False,0.8558333333333333,0.035659722222222225,False,
63572329,2025-01-01 00:20:19,2025-01-01 00:48:58,NYPD,New York City Police Department,Illegal Fireworks,N/A,Residential Building/House,11354,,Closed,,2025-01-01 00:49:01,07 QUEENS,20,Precinct 109,Queens,Phone,40.767313848011085,-73.81327480559314,True,True,True,True,QUEENS,Closed,2025,1,January,Wednesday,0,2025-01-01,True,False,0.4775,0.01989583333333333,False,
63572331,2025-01-01 00:37:52,2025-01-01 00:50:50,NYPD,New York City Police Department,Illegal Fireworks,N/A,Street/Sidewalk,10031,NEW YORK,Closed,,2025-01-01 00:50:54,09 MANHATTAN,07,Precinct 30,Manhattan,Online,40.82173178181513,-73.95103595323144,True,True,True,True,MANHATTAN,Closed,2025,1,January,Wednesday,0,2025-01-01,True,False,0.21611111111111111,0.00900462962962963,False,
63572333,2025-01-01 00:32:01,2025-01-01 01:19:38,NYPD,New York City Police Department,Illegal Fireworks,N/A,Street/Sidewalk,11223,,Closed,,2025-01-01 01:19:41,11 BROOKLYN,43,Precinct 62,Brooklyn,Phone,40.60506893553465,-73.979126726139,True,True,True,True,BROOKLYN,Closed,2025,1,January,Wednesday,0,2025-01-01,True,False,0.7936111111111112,0.033067129629629634,False,
63572338,2025-01-01 00:32:00,2025-01-01 01:11:40,NYPD,New York City Police Department,Illegal Fireworks,N/A,Residential Building/House,11230,BROOKLYN,Closed,,2025-01-01 01:11:44,14 BROOKLYN,48,Precinct 70,Brooklyn,Phone,40.61318734534167,-73.95690491674449,True,True,True,True,BROOKLYN,Closed,2025,1,January,Wednesday,0,2025-01-01,True,False,0.6611111111111111,0.027546296296296294,False,
63572341,2025-01-01 00:59:00,2025-01-01 01:13:08,NYPD,New York City Police Department,Noise - Commercial,Loud Music/Party,Club/Bar/Restaurant,10004,NEW YORK,Closed,,2025-01-01 01:13:11,01 MANHATTAN,01,Precinct 1,Manhattan,Online,40.70444792543079,-74.01016365988858,True,True,True,True,MANHATTAN,Closed,2025,1,January,Wednesday,0,2025-01-01,True,False,0.23555555555555555,0.009814814814814814,False,
63572343,2025-01-01 01:44:28,2025-01-01 01:47:33,NYPD,New York City Police Department,Noise - Commercial,Loud Music/Party,Store/Commercial,11220,BROOKLYN,Closed,,2025-01-01 01:47:36,07 BROOKLYN,38,Precinct 72,Brooklyn,Mobile,40.64434329179878,-74.00036755126067,True,True,True,True,BROOKLYN,Closed,2025,1,January,Wednesday,1,2025-01-01,True,False,0.05138888888888889,0.0021412037037037038,False,
63572344,2025-01-01 00:53:21,2025-01-01 01:19:07,NYPD,New York City Police Department,Noise - Commercial,Loud Music/Party,Store/Commercial,11103,ASTORIA,Closed,,2025-01-01 01:19:11,01 QUEENS,22,Precinct 114,Queens,Mobile,40.76494046458546,-73.91724146058725,True,True,True,True,QUEENS,Closed,2025,1,January,Wednesday,0,2025-01-01,True,False,0.42944444444444446,0.01789351851851852,False,
63572348,2025-01-01 00:07:20,2025-01-01 00:28:46,NYPD,New York City Police Department,Illegal Fireworks,N/A,Street/Sidewalk,11226,BROOKLYN,Closed,,2025-01-01 00:28:49,14 BROOKLYN,40,Precinct 70,Brooklyn,Online,40.63927348936784,-73.95599808664286,True,True,True,True,BROOKLYN,Closed,2025,1,January,Wednesday,0,2025-01-01,True,False,0.3572222222222222,0.014884259259259259,False,
63572350,2025-01-01 00:28:27,2025-01-01 00:51:52,NYPD,New York City Police Department,Illegal Fireworks,N/A,Street/Sidewalk,10309,STATEN ISLAND,Closed,,2025-01-01 00:51:55,03 STATEN ISLAND,51,Precinct 123,Staten Island,Online,40.535990026360174,-74.21130173694041,True,True,True,True,STATEN ISLAND,Closed,2025,1,January,Wednesday,0,2025-01-01,True,False,0.3902777777777778,0.016261574074074074,False,
63572351,2025-01-01 00:10:30,2025-01-01 00:42:35,NYPD,New York City Police Department,Illegal Fireworks,N/A,Street/Sidewalk,11204,BROOKLYN,Closed,,2025-01-01 00:42:39,11 BROOKLYN,43,Precinct 62,Brooklyn,Online,40.61946976549387,-73.9923455355126,True,True,True,True,BROOKLYN,Closed,2025,1,January,Wednesday,0,2025-01-01,True,False,0.5347222222222222,0.02228009259259259,False,
63572361,2025-01-01 00:05:30,2025-01-01 00:54:18,NYPD,New York City Police Department,Illegal Fireworks,N/A,Street/Sidewalk,11385,RIDGEWOOD,Closed,,2025-01-01 00:54:20,05 QUEENS,30,Precinct 104,Queens,Online,40.70094449150864,-73.88599840465983,True,True,True,True,QUEENS,Closed,2025,1,January,Wednesday,0,2025-01-01,True,False,0.8133333333333334,0.03388888888888889,False,
63572364,2025-01-01 01:17:47,2025-01-01 01:36:22,NYPD,New York City Police Department,Noise - Commercial,Loud Music/Party,Club/Bar/Restaurant,11385,RIDGEWOOD,Closed,,2025-01-01 01:36:26,05 QUEENS,30,Precinct 104,Queens,Phone,40.70137091341002,-73.90524211282882,True,True,True,True,QUEENS,Closed,2025,1,January,Wednesday,1,2025-01-01,True,False,0.30972222222222223,0.012905092592592593,False,
63572365,2025-01-01 00:54:34,2025-01-01 01:22:07,NYPD,New York City Police Department,Noise - Commercial,Loud Music/Party,Store/Commercial,11237,BROOKLYN,Closed,,2025-01-01 01:22:10,01 BROOKLYN,34,Precinct 90,Brooklyn,Mobile,40.7064230151132,-73.93079633071758,True,True,True,True,BROOKLYN,Closed,2025,1,January,Wednesday,0,2025-01-01,True,False,0.45916666666666667,0.019131944444444444,False,
63572367,2025-01-01 00:16:10,2025-01-01 00:50:47,NYPD,New York City Police Department,Noise - Park,Loud Music/Party,Park/Playground,11368,CORONA,Closed,,2025-01-01 00:50:51,81 QUEENS,21,Precinct 110,Queens,Online,40.74237706499928,-73.84215697754966,True,True,True,True,QUEENS,Closed,2025,1,January,Wednesday,0,2025-01-01,True,False,0.5769444444444445,0.024039351851851853,False,
63572373,2025-01-01 00:15:20,2025-01-01 01:23:02,NYPD,New York City Police Department,Illegal Fireworks,N/A,Residential Building/House,11209,BROOKLYN,Closed,,2025-01-01 01:23:05,10 BROOKLYN,47,Precinct 68,Brooklyn,Online,40.62446921429732,-74.0204326470569,True,True,True,True,BROOKLYN,Closed,2025,1,January,Wednesday,0,2025-01-01,True,False,1.1283333333333334,0.04701388888888889,False,
63572375,2025-01-01 00:24:47,2025-01-01 01:30:34,NYPD,New York City Police Department,Illegal Fireworks,N/A,Street/Sidewalk,11362,LITTLE NECK,Closed,,2025-01-01 01:30:36,11 QUEENS,23,Precinct 111,Queens,Phone,40.75689289375812,-73.73887882577833,True,True,True,True,QUEENS,Closed,2025,1,January,Wednesday,0,2025-01-01,True,False,1.0963888888888889,0.04568287037037037,False,
63572376,2025-01-01 00:07:15,2025-01-01 00:20:48,NYPD,New York City Police Department,Illegal Fireworks,N/A,Street/Sidewalk,10040,,Closed,,2025-01-01 00:20:50,12 MANHATTAN,10,Precinct 34,Manhattan,Online,40.85430892959979,-73.93008216434878,True,True,True,True,MANHATTAN,Closed,2025,1,January,Wednesday,0,2025-01-01,True,False,0.22583333333333333,0.009409722222222222,False,
63572395,2025-01-01 00:46:20,2025-01-01 01:05:06,NYPD,New York City Police Department,Noise - Residential,Banging/Pounding,Residential Building/House,10467,BRONX,Closed,,2025-01-01 01:05:09,11 BRONX,15,Precinct 49,Bronx,Mobile,40.86366393876161,-73.8684345690263,True,True,True,True,BRONX,Closed,2025,1,January,Wednesday,0,2025-01-01,True,False,0.31277777777777777,0.013032407407407407,False,
63572396,2025-01-01 00:12:21,2025-01-01 01:22:53,NYPD,New York City Police Department,Illegal Fireworks,N/A,Street/Sidewalk,10025,NEW YORK,Closed,,2025-01-01 01:22:56,07 MANHATTAN,06,Precinct 24,Manhattan,Phone,40.78992682641795,-73.96965043848624,True,True,True,True,MANHATTAN,Closed,2025,1,January,Wednesday,0,2025-01-01,True,False,1.1755555555555555,0.04898148148148148,False,
63572398,2025-01-01 00:57:23,2025-01-01 01:12:46,NYPD,New York City Police Department,Noise - Commercial,Loud Music/Party,Club/Bar/Restaurant,10004,NEW YORK,Closed,,2025-01-01 01:12:50,01 MANHATTAN,01,Precinct 1,Manhattan,Online,40.70439027897919,-74.01023578489063,True,True,True,True,MANHATTAN,Closed,2025,1,January,Wednesday,0,2025-01-01,True,False,0.2563888888888889,0.01068287037037037,False,
63572401,2025-01-01 00:03:42,2025-01-01 00:17:17,NYPD,New York City Police Department,Noise - Commercial,Loud Music/Party,Club/Bar/Restaurant,10012,,Closed,,2025-01-01 00:17:20,02 MANHATTAN,02,Precinct 6,Manhattan,Phone,40.72721057692157,-73.99527001085171,True,True,True,True,MANHATTAN,Closed,2025,1,January,Wednesday,0,2025-01-01,True,False,0.2263888888888889,0.009432870370370371,False,
63572403,2025-01-01 01:40:21,2025-01-01 01:46:48,NYPD,New York City Police Department,Noise - Commercial,Loud Music/Party,Store/Commercial,10474,BRONX,Closed,,2025-01-01 01:46:52,02 BRONX,17,Precinct 41,Bronx,Phone,40.81099921464399,-73.8845852687253,True,True,True,True,BRONX,Closed,2025,1,January,Wednesday,1,2025-01-01,True,False,0.1075,0.004479166666666667,False,
63572405,2025-01-01 01:00:45,2025-01-01 01:27:13,NYPD,New York City Police Department,Noise - Park,Loud Music/Party,Park/Playground,11372,JACKSON HEIGHTS,Closed,,2025-01-01 01:27:15,03 QUEENS,25,Precinct 115,Queens,Online,40.75493687538746,-73.88905703309607,True,True,True,True,QUEENS,Closed,2025,1,January,Wednesday,1,2025-01-01,True,False,0.4411111111111111,0.01837962962962963,False,
63572417,2025-01-01 00:02:31,2025-01-01 00:05:50,NYPD,New York City Police Department,Noise - Residential,Banging/Pounding,Residential Building/House,11211,BROOKLYN,Closed,,2025-01-01 00:05:53,01 BROOKLYN,34,Precinct 90,Brooklyn,Mobile,40.71120965026345,-73.95897331500413,True,True,True,True,BROOKLYN,Closed,2025,1,January,Wednesday,0,2025-01-01,True,False,0.05527777777777778,0.0023032407407407407,False,
63572426,2025-01-01 00:00:42,2025-01-01 00:41:12,NYPD,New York City Police Department,Noise - Residential,Banging/Pounding,Residential Building/House,11212,BROOKLYN,Closed,,2025-01-01 00:41:15,16 BROOKLYN,41,Precinct 73,Brooklyn,Phone,40.66660906402502,-73.92068694989489,True,True,True,True,BROOKLYN,Closed,2025,1,January,Wednesday,0,2025-01-01,True,False,0.675,0.028125,False,
63572441,2025-01-01 01:41:09,2025-01-01 01:50:52,NYPD,New York City Police Department,Noise - Residential,Banging/Pounding,Residential Building/House,10031,NEW YORK,Closed,,2025-01-01 01:50:56,09 MANHATTAN,09,Precinct 30,Manhattan,Online,40.82713237552336,-73.94287666346943,True,True,True,True,MANHATTAN,Closed,2025,1,January,Wednesday,1,2025-01-01,True,False,0.16194444444444445,0.0067476851851851856,False,
63572458,2025-01-01 01:11:03,2025-01-01 01:30:11,NYPD,New York City Police Department,Noise - Residential,Banging/Pounding,Residential Building/House,11420,SOUTH OZONE PARK,Closed,,2025-01-01 01:30:15,10 QUEENS,28,Precinct 106,Queens,Online,40.66640666404201,-73.83198422386607,True,True,True,True,QUEENS,Closed,2025,1,January,Wednesday,1,2025-01-01,True,False,0.3188888888888889,0.013287037037037036,False,
63572504,2025-01-01 00:52:40,2025-01-01 01:43:04,NYPD,New York City Police Department,Noise - Residential,Loud Music/Party,Residential Building/House,11106,,Closed,,2025-01-01 01:43:06,01 QUEENS,22,Precinct 114,Queens,Mobile,40.76373386962115,-73.94138960941187,True,True,True,True,QUEENS,Closed,2025,1,January,Wednesday,0,2025-01-01,True,False,0.84,0.034999999999999996,False,
63572548,2025-01-01 00:46:56,2025-01-01 00:58:23,NYPD,New York City Police Department,Noise - Residential,Loud Music/Party,Residential Building/House,10004,NEW YORK,Closed,,2025-01-01 00:58:26,01 MANHATTAN,01,Precinct 1,Manhattan,Online,40.70405542501853,-74.01015278003295,True,True,True,True,MANHATTAN,Closed,2025,1,January,Wednesday,0,2025-01-01,True,False,0.19083333333333333,0.007951388888888888,False,
63572553,2025-01-01 00:44:05,2025-01-01 01:07:35,NYPD,New York City Police Department,Noise - Residential,Loud Music/Party,Residential Building/House,11237,BROOKLYN,Closed,,2025-01-01 01:07:40,04 BROOKLYN,34,Precinct 83,Brooklyn,Online,40.70498070536605,-73.92028783784475,True,True,True,True,BROOKLYN,Closed,2025,1,January,Wednesday,0,2025-01-01,True,False,0.39166666666666666,0.016319444444444445,False,
63572559,2025-01-01 00:23:00,2025-01-01 00:47:46,NYPD,New York City Police Department,Noise - Residential,Loud Music/Party,Residential Building/House,11216,BROOKLYN,Closed,,2025-01-01 00:47:49,08 BROOKLYN,35,Precinct 77,Brooklyn,Mobile,40.67296542240231,-73.95533056516237,True,True,True,True,BROOKLYN,Closed,2025,1,January,Wednesday,0,2025-01-01,True,False,0.4127777777777778,0.017199074074074075,False,
63572566,2025-01-01 00:27:44,2025-01-01 01:34:39,NYPD,New York City Police Department,Noise - Residential,Loud Music/Party,Residential Building/House,10451,BRONX,Closed,,2025-01-01 01:34:41,01 BRONX,08,Precinct 40,Bronx,Online,40.81879526826268,-73.93034347583333,True,True,True,True,BRONX,Closed,2025,1,January,Wednesday,0,2025-01-01,True,False,1.1152777777777778,0.04646990740740741,False,
63572573,2025-01-01 00:40:27,2025-01-01 00:51:58,NYPD,New York City Police Department,Noise - Residential,Loud Music/Party,Residential Building/House,10031,NEW YORK,Closed,,2025-01-01 00:52:01,09 MANHATTAN,07,Precinct 30,Manhattan,Online,40.82336570010983,-73.95298584578065,True,True,True,True,MANHATTAN,Closed,2025,1,January,Wednesday,0,2025-01-01,True,False,0.19194444444444445,0.007997685185185186,False,
63572580,2025-01-01 00:51:34,2025-01-01 01:09:03,NYPD,New York City Police Department,Noise - Residential,Loud Music/Party,Residential Building/House,11356,COLLEGE POINT,Closed,,2025-01-01 01:09:07,07 QUEENS,19,Precinct 109,Queens,Online,40.78880662986571,-73.85423854340983,True,True,True,True,QUEENS,Closed,2025,1,January,Wednesday,0,2025-01-01,True,False,0.29138888888888886,0.012141203703703703,False,
63572582,2025-01-01 01:08:10,2025-01-01 01:32:52,NYPD,New York City Police Department,Noise - Residential,Loud Music/Party,Residential Building/House,11237,BROOKLYN,Closed,,2025-01-01 01:32:55,04 BROOKLYN,37,Precinct 83,Brooklyn,Online,40.70057199370681,-73.91940230756661,True,True,True,True,BROOKLYN,Closed,2025,1,January,Wednesday,1,2025-01-01,True,False,0.4116666666666667,0.017152777777777777,False,
63572609,2025-01-01 00:30:02,2025-01-01 01:17:49,NYPD,New York City Police Department,Noise - Residential,Loud Music/Party,Residential Building/House,10306,STATEN ISLAND,Closed,,2025-01-01 01:17:51,03 STATEN ISLAND,50,Precinct 122,Staten Island,Phone,40.564816843508815,-74.1109943401583,True,True,True,True,STATEN ISLAND,Closed,2025,1,January,Wednesday,0,2025-01-01,True,False,0.7963888888888889,0.03318287037037037,False,
63572625,2025-01-01 00:22:08,2025-01-01 00:34:20,NYPD,New York City Police Department,Noise - Residential,Loud Music/Party,Residential Building/House,11208,BROOKLYN,Closed,,2025-01-01 00:34:24,05 BROOKLYN,37,Precinct 75,Brooklyn,Mobile,40.68419368991207,-73.88379156951159,True,True,True,True,BROOKLYN,Closed,2025,1,January,Wednesday,0,2025-01-01,True,False,0.20333333333333334,0.008472222222222223,False,
63572630,2025-01-01 00:16:24,2025-01-01 00:57:02,NYPD,New York City Police Department,Noise - Residential,Loud Music/Party,Residential Building/House,11212,BROOKLYN,Closed,,2025-01-01 00:57:04,16 BROOKLYN,41,Precinct 73,Brooklyn,Phone,40.661356385690354,-73.90712636722496,True,True,True,True,BROOKLYN,Closed,2025,1,January,Wednesday,0,2025-01-01,True,False,0.6772222222222222,0.02821759259259259,False,
63572632,2025-01-01 00:25:51,2025-01-01 00:54:24,NYPD,New York City Police Department,Noise - Residential,Loud Music/Party,Residential Building/House,10033,NEW YORK,Closed,,2025-01-01 00:54:27,12 MANHATTAN,10,Precinct 34,Manhattan,Mobile,40.853134860270025,-73.93118589918458,True,True,True,True,MANHATTAN,Closed,2025,1,January,Wednesday,0,2025-01-01,True,False,0.47583333333333333,0.01982638888888889,False,
63572662,2025-01-01 01:23:31,2025-01-01 01:28:54,NYPD,New York City Police Department,Noise - Residential,Loud Music/Party,Residential Building/House,11230,BROOKLYN,Closed,,2025-01-01 01:28:56,14 BROOKLYN,45,Precinct 70,Brooklyn,Online,40.6347449187686,-73.96493632865035,True,True,True,True,BROOKLYN,Closed,2025,1,January,Wednesday,1,2025-01-01,True,False,0.08972222222222222,0.003738425925925926,False,
63572674,2025-01-01 00:53:40,2025-01-01 01:09:12,NYPD,New York City Police Department,Noise - Residential,Loud Music/Party,Residential Building/House,11354,FLUSHING,Closed,,2025-01-01 01:09:15,07 QUEENS,20,Precinct 109,Queens,Phone,40.75804942215372,-73.8342148123826,True,True,True,True,QUEENS,Closed,2025,1,January,Wednesday,0,2025-01-01,True,False,0.2588888888888889,0.010787037037037038,False,
63572696,2025-01-01 00:49:06,2025-01-01 01:01:13,NYPD,New York City Police Department,Noise - Residential,Loud Music/Party,Residential Building/House,10456,BRONX,Closed,,2025-01-01 01:01:16,03 BRONX,16,Precinct 42,Bronx,Online,40.83645782006572,-73.9040161504001,True,True,True,True,BRONX,Closed,2025,1,January,Wednesday,0,2025-01-01,True,False,0.20194444444444445,0.008414351851851852,False,
63572697,2025-01-01 00:36:00,2025-01-01 00:57:18,NYPD,New York City Police Department,Noise - Residential,Loud Music/Party,Residential Building/House,11212,BROOKLYN,Closed,,2025-01-01 00:57:20,16 BROOKLYN,41,Precinct 73,Brooklyn,Online,40.661356385690354,-73.90712636722496,True,True,True,True,BROOKLYN,Closed,2025,1,January,Wednesday,0,2025-01-01,True,False,0.355,0.014791666666666667,False,
63572702,2025-01-01 01:12:52,2025-01-01 01:20:38,NYPD,New York City Police Department,Noise - Residential,Loud Music/Party,Residential Building/House,11358,FLUSHING,Closed,,2025-01-01 01:20:40,11 QUEENS,19,Precinct 111,Queens,Online,40.76461651613754,-73.79284277403661,True,True,True,True,QUEENS,Closed,2025,1,January,Wednesday,1,2025-01-01,True,False,0.12944444444444445,0.005393518518518519,False,
63572704,2025-01-01 00:18:15,2025-01-01 00:32:57,NYPD,New York City Police Department,Noise - Street/Sidewalk,Loud Music/Party,Street/Sidewalk,10032,NEW YORK,Closed,,2025-01-01 00:32:59,12 MANHATTAN,10,Precinct 33,Manhattan,Mobile,40.84245599585089,-73.9373844148488,True,True,True,True,MANHATTAN,Closed,2025,1,January,Wednesday,0,2025-01-01,True,False,0.245,0.010208333333333333,False,
63572740,2025-01-01 00:04:34,2025-01-01 01:20:14,NYPD,New York City Police Department,Noise - Residential,Loud Music/Party,Residential Building/House,11418,RICHMOND HILL,Closed,,2025-01-01 01:20:16,09 QUEENS,29,Precinct 102,Queens,Mobile,40.70073672965441,-73.82357390513208,True,True,True,True,QUEENS,Closed,2025,1,January,Wednesday,0,2025-01-01,True,False,1.261111111111111,0.05254629629629629,False,
63572741,2025-01-01 00:06:46,2025-01-01 00:51:36,NYPD,New York City Police Department,Noise - Residential,Loud Music/Party,Residential Building/House,10309,STATEN ISLAND,Closed,,2025-01-01 00:51:39,03 STATEN ISLAND,51,Precinct 123,Staten Island,Mobile,40.53603719091573,-74.2110284673498,True,True,True,True,STATEN ISLAND,Closed,2025,1,January,Wednesday,0,2025-01-01,True,False,0.7472222222222222,0.03113425925925926,False,
63572748,2025-01-01 01:05:43,2025-01-01 01:16:32,NYPD,New York City Police Department,Noise - Street/Sidewalk,Loud Music/Party,Street/Sidewalk,11357,WHITESTONE,Closed,,2025-01-01 01:16:35,07 QUEENS,19,Precinct 109,Queens,Online,40.79370011457984,-73.82086447615963,True,True,True,True,QUEENS,Closed,2025,1,January,Wednesday,1,2025-01-01,True,False,0.1802777777777778,0.007511574074074074,False,
63572751,2025-01-01 01:22:22,2025-01-01 01:34:25,NYPD,New York City Police Department,Noise - Vehicle,Car/Truck Music,Street/Sidewalk,11221,BROOKLYN,Closed,,2025-01-01 01:34:29,04 BROOKLYN,37,Precinct 83,Brooklyn,Online,40.69076272638629,-73.91630943843201,True,True,True,True,BROOKLYN,Closed,2025,1,January,Wednesday,1,2025-01-01,True,False,0.20083333333333334,0.008368055555555556,False,
63572763,2025-01-01 01:09:23,2025-01-01 01:28:14,NYPD,New York City Police Department,Noise - Street/Sidewalk,Loud Music/Party,Street/Sidewalk,11420,SOUTH OZONE PARK,Closed,,2025-01-01 01:28:16,10 QUEENS,28,Precinct 106,Queens,Online,40.66640666404201,-73.83198422386607,True,True,True,True,QUEENS,Closed,2025,1,January,Wednesday,1,2025-01-01,True,False,0.31416666666666665,0.013090277777777777,False,
63572778,2025-01-01 00:11:43,2025-01-01 00:17:22,NYPD,New York City Police Department,Noise - Street/Sidewalk,Loud Talking,Street/Sidewalk,11232,BROOKLYN,Closed,,2025-01-01 00:17:24,12 BROOKLYN,38,Precinct 66,Brooklyn,Mobile,40.64472479285036,-73.9976217135385,True,True,True,True,BROOKLYN,Closed,2025,1,January,Wednesday,0,2025-01-01,True,False,0.09416666666666666,0.003923611111111111,False,
63572784,2025-01-01 00:43:02,2025-01-01 01:21:57,NYPD,New York City Police Department,Noise - Street/Sidewalk,Loud Music/Party,Street/Sidewalk,11385,RIDGEWOOD,Closed,,2025-01-01 01:22:00,05 QUEENS,34,Precinct 104,Queens,Online,40.70288151607368,-73.9064409667691,True,True,True,True,QUEENS,Closed,2025,1,January,Wednesday,0,2025-01-01,True,False,0.6486111111111111,0.027025462962962963,False,
63572791,2025-01-01 00:04:40,2025-01-01 00:13:04,NYPD,New York City Police Department,Noise - Street/Sidewalk,Loud Music/Party,Street/Sidewalk,11218,BROOKLYN,Closed,,2025-01-01 00:13:09,12 BROOKLYN,39,Precinct 66,Brooklyn,Mobile,40.64635093438008,-73.98117864693046,True,True,True,True,BROOKLYN,Closed,2025,1,January,Wednesday,0,2025-01-01,True,False,0.14,0.005833333333333334,False,
63572792,2025-01-01 00:21:23,2025-01-01 00:30:27,NYPD,New York City Police Department,Noise - Street/Sidewalk,Loud Music/Party,Street/Sidewalk,11105,ASTORIA,Closed,,2025-01-01 00:30:30,01 QUEENS,22,Precinct 114,Queens,Mobile,40.772347420573446,-73.89868216457157,True,True,True,True,QUEENS,Closed,2025,1,January,Wednesday,0,2025-01-01,True,False,0.1511111111111111,0.006296296296296296,False,
63572794,2025-01-01 00:18:17,2025-01-01 00:25:21,NYPD,New York City Police Department,Noise - Street/Sidewalk,Loud Music/Party,Street/Sidewalk,10029,NEW YORK,Closed,,2025-01-01 00:25:24,11 MANHATTAN,08,Precinct 23,Manhattan,Mobile,40.79504561775539,-73.94099004734319,True,True,True,True,MANHATTAN,Closed,2025,1,January,Wednesday,0,2025-01-01,True,False,0.11777777777777777,0.004907407407407407,False,
63572795,2025-01-01 01:06:46,2025-01-01 01:37:02,NYPD,New York City Police Department,Noise - Street/Sidewalk,Loud Music/Party,Street/Sidewalk,11225,BROOKLYN,Closed,,2025-01-01 01:37:05,09 BROOKLYN,35,Precinct 71,Brooklyn,Online,40.664131656354186,-73.95986735388398,True,True,True,True,BROOKLYN,Closed,2025,1,January,Wednesday,1,2025-01-01,True,False,0.5044444444444445,0.02101851851851852,False,
63572809,2025-01-01 01:34:53,2025-01-01 01:36:19,NYPD,New York City Police Department,Noise - Vehicle,Car/Truck Music,Street/Sidewalk,11203,BROOKLYN,Closed,,2025-01-01 01:36:23,09 BROOKLYN,40,Precinct 71,Brooklyn,Online,40.65941517743085,-73.9389835134306,True,True,True,True,BROOKLYN,Closed,2025,1,January,Wednesday,1,2025-01-01,True,False,0.02388888888888889,0.0009953703703703704,False,
63572887,2025-01-01 00:16:33,2025-01-01 02:03:58,NYPD,New York City Police Department,Illegal Fireworks,N/A,Street/Sidewalk,11415,KEW GARDENS,Closed,,2025-01-01 02:04:01,09 QUEENS,29,Precinct 102,Queens,Online,40.70728121272614,-73.82419499723893,True,True,True,True,QUEENS,Closed,2025,1,January,Wednesday,0,2025-01-01,True,False,1.7902777777777779,0.07459490740740742,False,
63572889,2025-01-01 01:12:48,2025-01-01 01:57:11,NYPD,New York City Police Department,Illegal Parking,Blocked Hydrant,Street/Sidewalk,11229,BROOKLYN,Closed,,2025-01-01 01:57:16,15 BROOKLYN,48,Precinct 61,Brooklyn,Mobile,40.59602945230954,-73.9497287199751,True,True,True,True,BROOKLYN,Closed,2025,1,January,Wednesday,1,2025-01-01,True,False,0.7397222222222222,0.030821759259259257,False,
63572892,2025-01-01 00:18:13,2025-01-02 02:04:28,NYPD,New York City Police Department,Illegal Parking,Blocked Hydrant,Street/Sidewalk,10466,BRONX,Closed,,2025-01-02 02:04:31,12 BRONX,11,Precinct 47,Bronx,Mobile,40.89652664639396,-73.85079393862412,True,True,True,True,BRONX,Closed,2025,1,January,Wednesday,0,2025-01-01,True,False,25.770833333333332,1.073784722222222,False,
63572893,2025-01-01 01:36:08,2025-01-01 01:59:31,NYPD,New York City Police Department,Illegal Parking,Double Parked Blocking Traffic,Street/Sidewalk,10034,NEW YORK,Closed,,2025-01-01 01:59:36,12 MANHATTAN,10,Precinct 34,Manhattan,Mobile,40.86626445017463,-73.92943688707629,True,True,True,True,MANHATTAN,Closed,2025,1,January,Wednesday,1,2025-01-01,True,False,0.38972222222222225,0.016238425925925927,False,
63572901,2025-01-01 01:33:33,2025-01-01 02:05:08,NYPD,New York City Police Department,Noise - Commercial,Loud Music/Party,Club/Bar/Restaurant,11235,BROOKLYN,Closed,,2025-01-01 02:05:12,15 BROOKLYN,48,Precinct 61,Brooklyn,Online,40.5841010008306,-73.95077095462739,True,True,True,True,BROOKLYN,Closed,2025,1,January,Wednesday,1,2025-01-01,True,False,0.5263888888888889,0.02193287037037037,False,
63572902,2025-01-01 00:59:22,2025-01-01 02:06:14,NYPD,New York City Police Department,Illegal Parking,Double Parked Blocking Traffic,Street/Sidewalk,10468,BRONX,Closed,,2025-01-01 02:06:17,07 BRONX,14,Precinct 52,Bronx,Phone,40.86724826637314,-73.89496182021065,True,True,True,True,BRONX,Closed,2025,1,January,Wednesday,0,2025-01-01,True,False,1.1144444444444443,0.046435185185185184,False,
63572903,2025-01-01 01:23:38,2025-01-01 08:46:20,NYPD,New York City Police Department,Illegal Parking,Posted Parking Sign Violation,Street/Sidewalk,11230,,Closed,,2025-01-01 08:46:24,12 BROOKLYN,44,Precinct 66,Brooklyn,Online,40.6117039475733,-73.97045180115299,True,True,True,True,BROOKLYN,Closed,2025,1,January,Wednesday,1,2025-01-01,True,False,7.378333333333333,0.30743055555555554,False,
63572904,2025-01-01 01:25:44,2025-01-01 02:19:00,NYPD,New York City Police Department,Illegal Parking,Double Parked Blocking Traffic,Street/Sidewalk,10040,NEW YORK,Closed,,2025-01-01 02:19:04,12 MANHATTAN,10,Precinct 34,Manhattan,Online,40.85482728192759,-73.92943094675587,True,True,True,True,MANHATTAN,Closed,2025,1,January,Wednesday,1,2025-01-01,True,False,0.8877777777777778,0.03699074074074074,False,
63572905,2025-01-01 01:20:44,2025-01-01 02:21:35,NYPD,New York City Police Department,Noise - Commercial,Loud Music/Party,Store/Commercial,11101,LONG ISLAND CITY,Closed,,2025-01-01 02:21:37,01 QUEENS,26,Precinct 114,Queens,Mobile,40.75805805039172,-73.94200462542342,True,True,True,True,QUEENS,Closed,2025,1,January,Wednesday,1,2025-01-01,True,False,1.0141666666666667,0.042256944444444444,False,
63572945,2025-01-01 01:22:08,2025-01-01 02:54:52,NYPD,New York City Police Department,Noise - Residential,Banging/Pounding,Residential Building/House,10463,BRONX,Closed,,2025-01-01 02:54:56,08 BRONX,11,Precinct 50,Bronx,Online,40.88957603777641,-73.91092699339634,True,True,True,True,BRONX,Closed,2025,1,January,Wednesday,1,2025-01-01,True,False,1.5455555555555556,0.06439814814814815,False,
63572974,2025-01-01 00:51:20,2025-01-01 05:08:32,NYPD,New York City Police Department,Noise - Residential,Banging/Pounding,Residential Building/House,10039,NEW YORK,Closed,,2025-01-01 05:08:35,10 MANHATTAN,09,Precinct 32,Manhattan,Phone,40.823814391623685,-73.93828356816849,True,True,True,True,MANHATTAN,Closed,2025,1,January,Wednesday,0,2025-01-01,True,False,4.286666666666667,0.17861111111111114,False,
63572978,2025-01-01 00:41:30,2025-01-02 17:07:29,NYPD,New York City Police Department,Noise - Residential,Loud Music/Party,Residential Building/House,10466,BRONX,Closed,,2025-01-02 17:08:47,12 BRONX,11,Precinct 47,Bronx,Mobile,40.89187241649303,-73.86016845296459,True,True,True,True,BRONX,Closed,2025,1,January,Wednesday,0,2025-01-01,True,False,40.433055555555555,1.6847106481481482,False,
63572979,2025-01-01 00:19:55,2025-01-02 17:07:29,NYPD,New York City Police Department,Noise - Residential,Loud Music/Party,Residential Building/House,10466,BRONX,Closed,,2025-01-02 17:08:51,12 BRONX,11,Precinct 47,Bronx,Mobile,40.89187241649303,-73.86016845296459,True,True,True,True,BRONX,Closed,2025,1,January,Wednesday,0,2025-01-01,True,False,40.79277777777778,1.699699074074074,False,
63573011,2025-01-01 01:42:30,2025-01-02 17:07:28,NYPD,New York City Police Department,Noise - Residential,Loud Music/Party,Residential Building/House,10466,BRONX,Closed,,2025-01-02 17:08:52,12 BRONX,11,Precinct 47,Bronx,Mobile,40.89187241649303,-73.86016845296459,True,True,True,True,BRONX,Closed,2025,1,January,Wednesday,1,2025-01-01,True,False,39.416111111111114,1.642337962962963,False,
63573016,2025-01-01 01:43:46,2025-01-02 17:07:29,NYPD,New York City Police Department,Noise - Residential,Loud Music/Party,Residential Building/House,10466,BRONX,Closed,,2025-01-02 17:09:04,12 BRONX,11,Precinct 47,Bronx,Mobile,40.89187241649303,-73.86016845296459,True,True,True,True,BRONX,Closed,2025,1,January,Wednesday,1,2025-01-01,True,False,39.39527777777778,1.6414699074074075,False,
63573024,2025-01-01 01:17:43,2025-01-02 17:07:32,NYPD,New York City Police Department,Noise - Residential,Loud Music/Party,Residential Building/House,10466,BRONX,Closed,,2025-01-02 17:09:01,12 BRONX,11,Precinct 47,Bronx,Mobile,40.89187241649303,-73.86016845296459,True,True,True,True,BRONX,Closed,2025,1,January,Wednesday,1,2025-01-01,True,False,39.83027777777778,1.6595949074074074,False,
63573036,2025-01-01 01:17:06,2025-01-02 17:07:28,NYPD,New York City Police Department,Noise - Residential,Loud Music/Party,Residential Building/House,10466,BRONX,Closed,,2025-01-02 17:09:59,12 BRONX,11,Precinct 47,Bronx,Mobile,40.89187241649303,-73.86016845296459,True,True,True,True,BRONX,Closed,2025,1,January,Wednesday,1,2025-01-01,True,False,39.839444444444446,1.6599768518518518,False,
63573060,2025-01-01 01:25:03,2025-01-01 02:40:20,NYPD,New York City Police Department,Noise - Residential,Loud Music/Party,Residential Building/House,11237,BROOKLYN,Closed,,2025-01-01 02:40:22,04 BROOKLYN,37,Precinct 83,Brooklyn,Online,40.69271181311277,-73.90602972193558,True,True,True,True,BROOKLYN,Closed,2025,1,January,Wednesday,1,2025-01-01,True,False,1.2547222222222223,0.05228009259259259,False,
63573061,2025-01-01 01:27:15,2025-01-02 17:03:51,NYPD,New York City Police Department,Noise - Residential,Loud Music/Party,Residential Building/House,10466,BRONX,Closed,,2025-01-02 17:04:51,12 BRONX,11,Precinct 47,Bronx,Mobile,40.89187241649303,-73.86016845296459,True,True,True,True,BRONX,Closed,2025,1,January,Wednesday,1,2025-01-01,True,False,39.61,1.6504166666666666,False,
63573065,2025-01-01 00:55:29,2025-01-02 17:03:43,NYPD,New York City Police Department,Noise - Residential,Loud Music/Party,Residential Building/House,10466,BRONX,Closed,,2025-01-02 17:04:51,12 BRONX,11,Precinct 47,Bronx,Mobile,40.89187241649303,-73.86016845296459,True,True,True,True,BRONX,Closed,2025,1,January,Wednesday,0,2025-01-01,True,False,40.13722222222222,1.6723842592592593,False,
63573066,2025-01-01 00:51:02,2025-01-02 17:03:49,NYPD,New York City Police Department,Noise - Residential,Loud Music/Party,Residential Building/House,10466,BRONX,Closed,,2025-01-02 17:04:40,12 BRONX,11,Precinct 47,Bronx,Mobile,40.89187241649303,-73.86016845296459,True,True,True,True,BRONX,Closed,2025,1,January,Wednesday,0,2025-01-01,True,False,40.213055555555556,1.6755439814814814,False,
63573067,2025-01-01 00:43:31,2025-01-01 02:04:43,NYPD,New York City Police Department,Noise - Residential,Loud Music/Party,Residential Building/House,10065,NEW YORK,Closed,,2025-01-01 02:04:46,08 MANHATTAN,05,Precinct 19,Manhattan,Online,40.76189789663315,-73.9615555908387,True,True,True,True,MANHATTAN,Closed,2025,1,January,Wednesday,0,2025-01-01,True,False,1.3533333333333333,0.056388888888888884,False,
63573071,2025-01-01 00:50:09,2025-01-01 01:52:38,NYPD,New York City Police Department,Noise - Residential,Loud Music/Party,Residential Building/House,10314,STATEN ISLAND,Closed,,2025-01-01 01:52:41,01 STATEN ISLAND,50,Precinct 120,Staten Island,Online,40.61484896293441,-74.11934738924283,True,True,True,True,STATEN ISLAND,Closed,2025,1,January,Wednesday,0,2025-01-01,True,False,1.041388888888889,0.0433912037037037,False,
63573072,2025-01-01 00:16:05,2025-01-02 17:03:45,NYPD,New York City Police Department,Noise - Residential,Loud Music/Party,Residential Building/House,10466,BRONX,Closed,,2025-01-02 17:05:20,12 BRONX,11,Precinct 47,Bronx,Mobile,40.89187241649303,-73.86016845296459,True,True,True,True,BRONX,Closed,2025,1,January,Wednesday,0,2025-01-01,True,False,40.794444444444444,1.6997685185185185,False,
63573074,2025-01-01 01:17:25,2025-01-01 02:01:15,NYPD,New York City Police Department,Noise - Residential,Loud Music/Party,Residential Building/House,11209,BROOKLYN,Closed,,2025-01-01 02:01:21,10 BROOKLYN,47,Precinct 68,Brooklyn,Online,40.61748753038704,-74.03787496769677,True,True,True,True,BROOKLYN,Closed,2025,1,January,Wednesday,1,2025-01-01,True,False,0.7305555555555555,0.030439814814814812,False,
63573079,2025-01-01 01:19:51,2025-01-01 02:09:53,NYPD,New York City Police Department,Noise - Residential,Loud Music/Party,Residential Building/House,10040,NEW YORK,Closed,,2025-01-01 02:09:56,12 MANHATTAN,10,Precinct 34,Manhattan,Mobile,40.8650552498901,-73.92697246439968,True,True,True,True,MANHATTAN,Closed,2025,1,January,Wednesday,1,2025-01-01,True,False,0.8338888888888889,0.03474537037037037,False,
63573080,2025-01-01 01:51:35,2025-01-01 01:53:27,NYPD,New York City Police Department,Noise - Residential,Loud Music/Party,Residential Building/House,10004,NEW YORK,Closed,,2025-01-01 01:53:31,01 MANHATTAN,01,Precinct 1,Manhattan,Online,40.70440949457478,-74.01021054100694,True,True,True,True,MANHATTAN,Closed,2025,1,January,Wednesday,1,2025-01-01,True,False,0.03111111111111111,0.0012962962962962963,False,
63573085,2025-01-01 00:10:15,2025-01-01 09:01:05,NYPD,New York City Police Department,Noise - Residential,Loud Music/Party,Residential Building/House,10466,BRONX,Closed,,2025-01-01 09:01:10,12 BRONX,11,Precinct 47,Bronx,Mobile,40.89187241649303,-73.86016845296459,True,True,True,True,BRONX,Closed,2025,1,January,Wednesday,0,2025-01-01,True,False,8.847222222222221,0.36863425925925924,False,
63573096,2025-01-01 01:29:48,2025-01-02 17:03:50,NYPD,New York City Police Department,Noise - Residential,Loud Music/Party,Residential Building/House,10466,BRONX,Closed,,2025-01-02 17:04:48,12 BRONX,11,Precinct 47,Bronx,Mobile,40.89187241649303,-73.86016845296459,True,True,True,True,BRONX,Closed,2025,1,January,Wednesday,1,2025-01-01,True,False,39.56722222222222,1.648634259259259,False,
63573117,2025-01-01 00:04:01,2025-01-02 17:05:54,NYPD,New York City Police Department,Noise - Residential,Loud Music/Party,Residential Building/House,10466,BRONX,Closed,,2025-01-02 17:07:01,12 BRONX,11,Precinct 47,Bronx,Mobile,40.89187241649303,-73.86016845296459,True,True,True,True,BRONX,Closed,2025,1,January,Wednesday,0,2025-01-01,True,False,41.03138888888889,1.7096412037037039,False,
63573132,2025-01-01 00:48:29,2025-01-02 17:05:53,NYPD,New York City Police Department,Noise - Residential,Loud Music/Party,Residential Building/House,10466,BRONX,Closed,,2025-01-02 17:07:16,12 BRONX,11,Precinct 47,Bronx,Mobile,40.89187241649303,-73.86016845296459,True,True,True,True,BRONX,Closed,2025,1,January,Wednesday,0,2025-01-01,True,False,40.29,1.67875,False,
63573133,2025-01-01 00:39:20,2025-01-01 03:32:33,NYPD,New York City Police Department,Noise - Residential,Loud Music/Party,Residential Building/House,11421,WOODHAVEN,Closed,,2025-01-01 03:32:38,09 QUEENS,32,Precinct 102,Queens,Phone,40.68636230219849,-73.86631808602273,True,True,True,True,QUEENS,Closed,2025,1,January,Wednesday,0,2025-01-01,True,False,2.8869444444444445,0.12028935185185186,False,
63573137,2025-01-01 01:12:27,2025-01-01 02:05:52,NYPD,New York City Police Department,Noise - Residential,Loud Music/Party,Residential Building/House,11377,WOODSIDE,Closed,,2025-01-01 02:05:56,02 QUEENS,26,Precinct 108,Queens,Phone,40.7402766854241,-73.89438974623557,True,True,True,True,QUEENS,Closed,2025,1,January,Wednesday,1,2025-01-01,True,False,0.8902777777777777,0.0370949074074074,False,
63573174,2025-01-01 01:44:24,2025-01-02 17:11:30,NYPD,New York City Police Department,Noise - Residential,Loud Music/Party,Residential Building/House,10466,BRONX,Closed,,2025-01-02 17:15:56,12 BRONX,11,Precinct 47,Bronx,Mobile,40.89187241649303,-73.86016845296459,True,True,True,True,BRONX,Closed,2025,1,January,Wednesday,1,2025-01-01,True,False,39.45166666666667,1.6438194444444445,False,
63573176,2025-01-01 00:58:39,2025-01-02 17:08:17,NYPD,New York City Police Department,Noise - Residential,Loud Music/Party,Residential Building/House,10466,BRONX,Closed,,2025-01-02 17:11:22,12 BRONX,11,Precinct 47,Bronx,Mobile,40.89187241649303,-73.86016845296459,True,True,True,True,BRONX,Closed,2025,1,January,Wednesday,0,2025-01-01,True,False,40.160555555555554,1.6733564814814814,False,
63573183,2025-01-01 01:39:19,2025-01-02 17:08:13,NYPD,New York City Police Department,Noise - Residential,Loud Music/Party,Residential Building/House,10466,BRONX,Closed,,2025-01-02 17:11:36,12 BRONX,11,Precinct 47,Bronx,Mobile,40.89187241649303,-73.86016845296459,True,True,True,True,BRONX,Closed,2025,1,January,Wednesday,1,2025-01-01,True,False,39.48166666666667,1.6450694444444445,False,
63573186,2025-01-01 00:56:07,2025-01-02 17:11:23,NYPD,New York City Police Department,Noise - Residential,Loud Music/Party,Residential Building/House,10466,BRONX,Closed,,2025-01-02 17:15:56,12 BRONX,11,Precinct 47,Bronx,Mobile,40.89187241649303,-73.86016845296459,True,True,True,True,BRONX,Closed,2025,1,January,Wednesday,0,2025-01-01,True,False,40.254444444444445,1.6772685185185185,False,
63573187,2025-01-01 00:46:35,2025-01-02 17:08:16,NYPD,New York City Police Department,Noise - Residential,Loud Music/Party,Residential Building/House,10466,BRONX,Closed,,2025-01-02 17:09:58,12 BRONX,11,Precinct 47,Bronx,Mobile,40.89187241649303,-73.86016845296459,True,True,True,True,BRONX,Closed,2025,1,January,Wednesday,0,2025-01-01,True,False,40.36138888888889,1.681724537037037,False,
63573208,2025-01-01 01:20:33,2025-01-01 01:54:48,NYPD,New York City Police Department,Noise - Residential,Loud Music/Party,Residential Building/House,10023,NEW YORK,Closed,,2025-01-01 01:54:52,07 MANHATTAN,06,Precinct 20,Manhattan,Phone,40.7781782233673,-73.97651248649123,True,True,True,True,MANHATTAN,Closed,2025,1,January,Wednesday,1,2025-01-01,True,False,0.5708333333333333,0.02378472222222222,False,
63573219,2025-01-01 01:35:31,2025-01-02 17:08:16,NYPD,New York City Police Department,Noise - Residential,Loud Music/Party,Residential Building/House,10466,BRONX,Closed,,2025-01-02 17:09:29,12 BRONX,11,Precinct 47,Bronx,Mobile,40.89187241649303,-73.86016845296459,True,True,True,True,BRONX,Closed,2025,1,January,Wednesday,1,2025-01-01,True,False,39.545833333333334,1.6477430555555557,False,
63573227,2025-01-01 01:50:07,2025-01-02 17:02:41,NYPD,New York City Police Department,Noise - Residential,Loud Music/Party,Residential Building/House,10466,BRONX,Closed,,2025-01-02 17:03:10,12 BRONX,11,Precinct 47,Bronx,Mobile,40.89187241649303,-73.86016845296459,True,True,True,True,BRONX,Closed,2025,1,January,Wednesday,1,2025-01-01,True,False,39.20944444444444,1.6337268518518517,False,
63573228,2025-01-01 01:20:54,2025-01-02 17:02:39,NYPD,New York City Police Department,Noise - Residential,Loud Music/Party,Residential Building/House,10466,BRONX,Closed,,2025-01-02 17:02:45,12 BRONX,11,Precinct 47,Bronx,Mobile,40.89187241649303,-73.86016845296459,True,True,True,True,BRONX,Closed,2025,1,January,Wednesday,1,2025-01-01,True,False,39.69583333333333,1.6539930555555555,False,
63573229,2025-01-01 01:38:16,2025-01-01 02:32:33,NYPD,New York City Police Department,Noise - Residential,Loud Music/Party,Residential Building/House,11212,BROOKLYN,Closed,,2025-01-01 02:32:36,16 BROOKLYN,41,Precinct 73,Brooklyn,Mobile,40.667802684179335,-73.90566469196226,True,True,True,True,BROOKLYN,Closed,2025,1,January,Wednesday,1,2025-01-01,True,False,0.9047222222222222,0.037696759259259256,False,
63573230,2025-01-01 00:35:47,2025-01-02 17:09:57,NYPD,New York City Police Department,Noise - Residential,Loud Music/Party,Residential Building/House,10466,BRONX,Closed,,2025-01-02 17:12:25,12 BRONX,11,Precinct 47,Bronx,Mobile,40.89187241649303,-73.86016845296459,True,True,True,True,BRONX,Closed,2025,1,January,Wednesday,0,2025-01-01,True,False,40.56944444444444,1.6903935185185184,False,
63573231,2025-01-01 00:18:43,2025-01-01 09:02:05,NYPD,New York City Police Department,Noise - Residential,Loud Music/Party,Residential Building/House,10466,BRONX,Closed,,2025-01-01 09:02:24,12 BRONX,11,Precinct 47,Bronx,Mobile,40.89187241649303,-73.86016845296459,True,True,True,True,BRONX,Closed,2025,1,January,Wednesday,0,2025-01-01,True,False,8.722777777777777,0.36344907407407406,False,
63573232,2025-01-01 01:21:43,2025-01-01 02:02:12,NYPD,New York City Police Department,Noise - Street/Sidewalk,Loud Music/Party,Street/Sidewalk,11209,BROOKLYN,Closed,,2025-01-01 02:02:19,10 BROOKLYN,47,Precinct 68,Brooklyn,Mobile,40.62633159657212,-74.02689605090485,True,True,True,True,BROOKLYN,Closed,2025,1,January,Wednesday,1,2025-01-01,True,False,0.6747222222222222,0.028113425925925927,False,
63573234,2025-01-01 01:09:28,2025-01-02 17:08:21,NYPD,New York City Police Department,Noise - Residential,Loud Music/Party,Residential Building/House,10466,BRONX,Closed,,2025-01-02 17:11:54,12 BRONX,11,Precinct 47,Bronx,Mobile,40.89187241649303,-73.86016845296459,True,True,True,True,BRONX,Closed,2025,1,January,Wednesday,1,2025-01-01,True,False,39.98138888888889,1.6658912037037037,False,
63573235,2025-01-01 00:05:55,2025-01-02 17:08:18,NYPD,New York City Police Department,Noise - Residential,Loud Music/Party,Residential Building/House,10466,BRONX,Closed,,2025-01-02 17:11:40,12 BRONX,11,Precinct 47,Bronx,Mobile,40.89187241649303,-73.86016845296459,True,True,True,True,BRONX,Closed,2025,1,January,Wednesday,0,2025-01-01,True,False,41.039722222222224,1.709988425925926,False,
63573249,2025-01-01 01:14:43,2025-01-01 02:14:23,NYPD,New York City Police Department,Noise - Street/Sidewalk,Loud Music/Party,Street/Sidewalk,10039,NEW YORK,Closed,,2025-01-01 02:14:27,10 MANHATTAN,09,Precinct 32,Manhattan,Mobile,40.82200374150096,-73.93991835280478,True,True,True,True,MANHATTAN,Closed,2025,1,January,Wednesday,1,2025-01-01,True,False,0.9944444444444445,0.041435185185185186,False,
63573261,2025-01-01 01:37:19,2025-01-01 06:06:55,NYPD,New York City Police Department,Noise - Residential,Loud Music/Party,Residential Building/House,11249,BROOKLYN,Closed,,2025-01-01 06:08:04,01 BROOKLYN,33,Precinct 94,Brooklyn,Mobile,40.719933732807135,-73.96258990582409,True,True,True,True,BROOKLYN,Closed,2025,1,January,Wednesday,1,2025-01-01,True,False,4.493333333333333,0.1872222222222222,False,
63573262,2025-01-01 01:38:10,2025-01-01 02:29:36,NYPD,New York City Police Department,Noise - Residential,Loud Music/Party,Residential Building/House,11368,CORONA,Closed,,2025-01-01 02:29:41,04 QUEENS,21,Precinct 110,Queens,Mobile,40.74414999719626,-73.8545275146866,True,True,True,True,QUEENS,Closed,2025,1,January,Wednesday,1,2025-01-01,True,False,0.8572222222222222,0.03571759259259259,False,
63573278,2025-01-01 01:28:00,2025-01-01 02:30:25,NYPD,New York City Police Department,Noise - Residential,Loud Music/Party,Residential Building/House,10033,NEW YORK,Closed,,2025-01-01 02:30:27,12 MANHATTAN,10,Precinct 34,Manhattan,Online,40.85072354225432,-73.93336078356981,True,True,True,True,MANHATTAN,Closed,2025,1,January,Wednesday,1,2025-01-01,True,False,1.0402777777777779,0.04334490740740741,False,
63573279,2025-01-01 00:34:49,2025-01-01 02:31:11,NYPD,New York City Police Department,Noise - Vehicle,Car/Truck Music,Street/Sidewalk,11214,,Closed,,2025-01-01 02:31:14,Unspecified BROOKLYN,,Precinct 62,Brooklyn,Phone,,,True,True,False,True,BROOKLYN,Closed,2025,1,January,Wednesday,0,2025-01-01,True,False,1.9394444444444445,0.0808101851851852,False,
63573287,2025-01-01 00:52:18,2025-01-02 17:09:51,NYPD,New York City Police Department,Noise - Residential,Loud Music/Party,Residential Building/House,10466,BRONX,Closed,,2025-01-02 17:13:41,12 BRONX,11,Precinct 47,Bronx,Mobile,40.89187241649303,-73.86016845296459,True,True,True,True,BRONX,Closed,2025,1,January,Wednesday,0,2025-01-01,True,False,40.2925,1.6788541666666665,False,
63573288,2025-01-01 00:51:40,2025-01-02 17:09:55,NYPD,New York City Police Department,Noise - Residential,Loud Music/Party,Residential Building/House,10466,BRONX,Closed,,2025-01-02 17:11:52,12 BRONX,11,Precinct 47,Bronx,Mobile,40.89187241649303,-73.86016845296459,True,True,True,True,BRONX,Closed,2025,1,January,Wednesday,0,2025-01-01,True,False,40.30416666666667,1.6793402777777777,False,
63573289,2025-01-01 00:40:14,2025-01-02 16:30:24,NYPD,New York City Police Department,Noise - Residential,Loud Music/Party,Residential Building/House,10466,BRONX,Closed,,2025-01-02 16:30:40,12 BRONX,11,Precinct 47,Bronx,Mobile,40.89187241649303,-73.86016845296459,True,True,True,True,BRONX,Closed,2025,1,January,Wednesday,0,2025-01-01,True,False,39.83611111111111,1.659837962962963,False,
63573290,2025-01-01 00:40:52,2025-01-02 17:09:58,NYPD,New York City Police Department,Noise - Residential,Loud Music/Party,Residential Building/House,10466,BRONX,Closed,,2025-01-02 17:14:00,12 BRONX,11,Precinct 47,Bronx,Mobile,40.89187241649303,-73.86016845296459,True,True,True,True,BRONX,Closed,2025,1,January,Wednesday,0,2025-01-01,True,False,40.485,1.686875,False,
63573291,2025-01-01 00:03:23,2025-01-02 16:30:15,NYPD,New York City Police Department,Noise - Residential,Loud Music/Party,Residential Building/House,10466,BRONX,Closed,,2025-01-02 16:30:46,12 BRONX,11,Precinct 47,Bronx,Mobile,40.89187241649303,-73.86016845296459,True,True,True,True,BRONX,Closed,2025,1,January,Wednesday,0,2025-01-01,True,False,40.44777777777778,1.6853240740740743,False,
63573292,2025-01-01 00:03:21,2025-01-01 08:38:10,NYPD,New York City Police Department,Noise - Residential,Loud Music/Party,Residential Building/House,10466,BRONX,Closed,,2025-01-01 08:38:13,12 BRONX,11,Precinct 47,Bronx,Mobile,40.89187241649303,-73.86016845296459,True,True,True,True,BRONX,Closed,2025,1,January,Wednesday,0,2025-01-01,True,False,8.580277777777777,0.357511574074074,False,
63573300,2025-01-01 01:36:48,2025-01-01 01:55:23,NYPD,New York City Police Department,Noise - Street/Sidewalk,Loud Music/Party,Street/Sidewalk,11224,BROOKLYN,Closed,,2025-01-01 01:55:27,13 BROOKLYN,47,Precinct 60,Brooklyn,Mobile,40.57778090770111,-73.98391945833846,True,True,True,True,BROOKLYN,Closed,2025,1,January,Wednesday,1,2025-01-01,True,False,0.30972222222222223,0.012905092592592593,False,
63573306,2025-01-01 00:09:05,2025-01-02 16:30:17,NYPD,New York City Police Department,Noise - Residential,Loud Music/Party,Residential Building/House,10466,BRONX,Closed,,2025-01-02 16:30:31,12 BRONX,11,Precinct 47,Bronx,Mobile,40.89187241649303,-73.86016845296459,True,True,True,True,BRONX,Closed,2025,1,January,Wednesday,0,2025-01-01,True,False,40.35333333333333,1.6813888888888888,False,
63573307,2025-01-01 00:07:57,2025-01-01 09:02:03,NYPD,New York City Police Department,Noise - Residential,Loud Music/Party,Residential Building/House,10466,BRONX,Closed,,2025-01-01 09:02:26,12 BRONX,11,Precinct 47,Bronx,Mobile,40.89187241649303,-73.86016845296459,True,True,True,True,BRONX,Closed,2025,1,January,Wednesday,0,2025-01-01,True,False,8.901666666666667,0.3709027777777778,False,
63573308,2025-01-01 01:24:20,2025-01-01 02:05:31,NYPD,New York City Police Department,Noise - Residential,Loud Music/Party,Residential Building/House,11385,RIDGEWOOD,Closed,,2025-01-01 02:05:36,05 QUEENS,30,Precinct 104,Queens,Online,40.70239921283712,-73.88879823337629,True,True,True,True,QUEENS,Closed,2025,1,January,Wednesday,1,2025-01-01,True,False,0.6863888888888889,0.028599537037037038,False,
63573369,2025-01-01 00:12:24,2025-01-01 01:18:42,NYPD,New York City Police Department,Illegal Parking,Blocked Sidewalk,Street/Sidewalk,10463,BRONX,Closed,,2025-01-01 01:18:45,08 BRONX,11,Precinct 50,Bronx,Mobile,40.88316014033112,-73.89293681668923,True,True,True,True,BRONX,Closed,2025,1,January,Wednesday,0,2025-01-01,True,False,1.105,0.04604166666666667,False,
63573378,2025-01-01 01:23:05,2025-01-01 01:48:18,NYPD,New York City Police Department,Illegal Parking,Blocked Hydrant,Street/Sidewalk,11205,BROOKLYN,Closed,,2025-01-01 01:48:21,02 BROOKLYN,35,Precinct 88,Brooklyn,Phone,40.69383498754653,-73.97791612982495,True,True,True,True,BROOKLYN,Closed,2025,1,January,Wednesday,1,2025-01-01,True,False,0.42027777777777775,0.017511574074074072,False,
63573424,2025-01-01 00:49:53,2025-01-01 01:05:22,NYPD,New York City Police Department,Illegal Parking,Blocked Sidewalk,Street/Sidewalk,11239,BROOKLYN,Closed,,2025-01-01 01:05:24,05 BROOKLYN,42,Precinct 75,Brooklyn,Online,40.65638973540536,-73.87398639915406,True,True,True,True,BROOKLYN,Closed,2025,1,January,Wednesday,0,2025-01-01,True,False,0.25805555555555554,0.010752314814814814,False,
63573442,2025-01-01 00:19:59,2025-01-01 01:44:18,NYPD,New York City Police Department,Illegal Parking,Commercial Overnight Parking,Street/Sidewalk,11230,BROOKLYN,Closed,,2025-01-01 01:44:21,14 BROOKLYN,44,Precinct 70,Brooklyn,Mobile,40.621270612159925,-73.96450033659579,True,True,True,True,BROOKLYN,Closed,2025,1,January,Wednesday,0,2025-01-01,True,False,1.4052777777777778,0.058553240740740746,False,
63573455,2025-01-01 00:50:44,2025-01-01 01:04:10,NYPD,New York City Police Department,Illegal Parking,Posted Parking Sign Violation,Street/Sidewalk,11239,BROOKLYN,Closed,,2025-01-01 01:04:12,05 BROOKLYN,42,Precinct 75,Brooklyn,Online,40.65525107821357,-73.87437778591627,True,True,True,True,BROOKLYN,Closed,2025,1,January,Wednesday,0,2025-01-01,True,False,0.2238888888888889,0.009328703703703704,False,
63573490,2025-01-01 00:11:45,2025-01-01 00:59:59,NYPD,New York City Police Department,Illegal Parking,Posted Parking Sign Violation,Street/Sidewalk,10312,STATEN ISLAND,Closed,,2025-01-01 01:00:05,03 STATEN ISLAND,51,Precinct 123,Staten Island,Online,40.5510274588818,-74.17991349162548,True,True,True,True,STATEN ISLAND,Closed,2025,1,January,Wednesday,0,2025-01-01,True,False,0.8038888888888889,0.03349537037037037,False,
63573528,2025-01-01 00:43:55,2025-01-01 01:34:52,NYPD,New York City Police Department,Illegal Parking,Double Parked Blocking Vehicle,Street/Sidewalk,11217,BROOKLYN,Closed,,2025-01-01 01:34:55,02 BROOKLYN,33,Precinct 84,Brooklyn,Phone,40.68495908181288,-73.98180594777948,True,True,True,True,BROOKLYN,Closed,2025,1,January,Wednesday,0,2025-01-01,True,False,0.8491666666666666,0.035381944444444445,False,
63573565,2025-01-01 00:54:34,2025-01-01 01:26:22,NYPD,New York City Police Department,Noise - Vehicle,Car/Truck Horn,Street/Sidewalk,10468,BRONX,Closed,,2025-01-01 01:26:24,07 BRONX,14,Precinct 52,Bronx,Mobile,40.8675362714324,-73.89475527947617,True,True,True,True,BRONX,Closed,2025,1,January,Wednesday,0,2025-01-01,True,False,0.53,0.022083333333333333,False,
63573583,2025-01-01 00:26:57,2025-01-01 01:23:37,NYPD,New York City Police Department,Encampment,N/A,Subway,,,Closed,,2025-01-01 01:23:40,Unspecified MANHATTAN,,Unspecified,Manhattan,Mobile,40.74607945556746,-73.98207797178418,True,True,True,True,MANHATTAN,Closed,2025,1,January,Wednesday,0,2025-01-01,True,False,0.9444444444444444,0.03935185185185185,False,
63573738,2025-01-01 01:50:21,2025-01-01 02:24:02,NYPD,New York City Police Department,Blocked Driveway,No Access,Street/Sidewalk,11374,REGO PARK,Closed,,2025-01-01 02:24:06,06 QUEENS,30,Precinct 112,Queens,Online,40.72899423150791,-73.86415434060216,True,True,True,True,QUEENS,Closed,2025,1,January,Wednesday,1,2025-01-01,True,False,0.5613888888888889,0.023391203703703706,False,
63573793,2025-01-01 00:23:36,2025-01-01 01:57:27,NYPD,New York City Police Department,Blocked Driveway,No Access,Street/Sidewalk,11229,BROOKLYN,Closed,,2025-01-01 01:57:31,15 BROOKLYN,48,Precinct 61,Brooklyn,Mobile,40.60962003274282,-73.95228640531772,True,True,True,True,BROOKLYN,Closed,2025,1,January,Wednesday,0,2025-01-01,True,False,1.5641666666666667,0.06517361111111111,False,
63573794,2025-01-01 00:55:01,2025-01-01 02:31:31,NYPD,New York City Police Department,Blocked Driveway,No Access,Street/Sidewalk,11214,BROOKLYN,Closed,,2025-01-01 02:31:34,11 BROOKLYN,47,Precinct 62,Brooklyn,Phone,40.59852997975796,-73.99977313880991,True,True,True,True,BROOKLYN,Closed,2025,1,January,Wednesday,0,2025-01-01,True,False,1.6083333333333334,0.06701388888888889,False,
63573795,2025-01-01 00:37:31,2025-01-01 08:25:53,NYPD,New York City Police Department,Blocked Driveway,No Access,Street/Sidewalk,10036,NEW YORK,Closed,,2025-01-01 08:25:58,04 MANHATTAN,03,Precinct 18,Manhattan,Phone,40.76488778119111,-73.99613372682909,True,True,True,True,MANHATTAN,Closed,2025,1,January,Wednesday,0,2025-01-01,True,False,7.806111111111111,0.32525462962962964,False,
63573797,2025-01-01 01:32:21,2025-01-01 11:18:18,NYPD,New York City Police Department,Blocked Driveway,No Access,Street/Sidewalk,11435,JAMAICA,Closed,,2025-01-01 11:18:20,08 QUEENS,24,Precinct 107,Queens,Mobile,40.70963978167724,-73.81422629450212,True,True,True,True,QUEENS,Closed,2025,1,January,Wednesday,1,2025-01-01,True,False,9.765833333333333,0.4069097222222222,False,
63573798,2025-01-01 01:44:35,2025-01-01 02:41:06,NYPD,New York City Police Department,Blocked Driveway,No Access,Street/Sidewalk,11378,MASPETH,Closed,,2025-01-01 02:41:10,05 QUEENS,30,Precinct 104,Queens,Phone,40.72724206614944,-73.89167920104948,True,True,True,True,QUEENS,Closed,2025,1,January,Wednesday,1,2025-01-01,True,False,0.9419444444444445,0.039247685185185184,False,
63573805,2025-01-01 00:45:11,2025-01-01 04:11:52,NYPD,New York City Police Department,Blocked Driveway,No Access,Street/Sidewalk,11228,BROOKLYN,Closed,,2025-01-01 04:11:56,10 BROOKLYN,38,Precinct 68,Brooklyn,Phone,40.62276302319647,-74.01310508981403,True,True,True,True,BROOKLYN,Closed,2025,1,January,Wednesday,0,2025-01-01,True,False,3.444722222222222,0.14353009259259258,False,
63573808,2025-01-01 01:29:39,2025-01-01 01:58:06,NYPD,New York City Police Department,Blocked Driveway,Partial Access,Street/Sidewalk,11230,BROOKLYN,Closed,,2025-01-01 01:58:11,14 BROOKLYN,48,Precinct 70,Brooklyn,Phone,40.61199649572436,-73.95796098305152,True,True,True,True,BROOKLYN,Closed,2025,1,January,Wednesday,1,2025-01-01,True,False,0.4741666666666667,0.019756944444444445,False,
63573809,2025-01-01 00:32:04,2025-01-01 08:30:31,NYPD,New York City Police Department,Blocked Driveway,Partial Access,Street/Sidewalk,10472,BRONX,Closed,,2025-01-01 08:30:34,09 BRONX,18,Precinct 43,Bronx,Online,40.82911178261056,-73.85549806698126,True,True,True,True,BRONX,Closed,2025,1,January,Wednesday,0,2025-01-01,True,False,7.974166666666667,0.3322569444444445,False,
63573823,2025-01-01 01:14:26,2025-01-01 01:44:29,NYPD,New York City Police Department,Blocked Driveway,No Access,Street/Sidewalk,11691,FAR ROCKAWAY,Closed,,2025-01-01 01:44:34,14 QUEENS,31,Precinct 101,Queens,Online,40.59564450399815,-73.74110097701364,True,True,True,True,QUEENS,Closed,2025,1,January,Wednesday,1,2025-01-01,True,False,0.5008333333333334,0.020868055555555556,False,
63573872,2025-01-01 00:12:34,2025-01-01 00:43:50,NYPD,New York City Police Department,Blocked Driveway,No Access,Street/Sidewalk,11229,BROOKLYN,Closed,,2025-01-01 00:43:54,15 BROOKLYN,48,Precinct 61,Brooklyn,Phone,40.60501976311212,-73.95945632328879,True,True,True,True,BROOKLYN,Closed,2025,1,January,Wednesday,0,2025-01-01,True,False,0.5211111111111111,0.02171296296296296,False,
63573896,2025-01-01 00:12:24,2025-01-01 00:19:15,NYPD,New York City Police Department,Blocked Driveway,No Access,Street/Sidewalk,11220,BROOKLYN,Closed,,2025-01-01 00:19:19,12 BROOKLYN,43,Precinct 66,Brooklyn,Phone,40.64109070147794,-74.00217277065441,True,True,True,True,BROOKLYN,Closed,2025,1,January,Wednesday,0,2025-01-01,True,False,0.11416666666666667,0.004756944444444445,False,
63573906,2025-01-01 00:28:05,2025-01-01 00:28:50,NYPD,New York City Police Department,Blocked Driveway,No Access,Street/Sidewalk,11218,BROOKLYN,Closed,,2025-01-01 00:28:54,12 BROOKLYN,39,Precinct 66,Brooklyn,Phone,40.6422431393286,-73.99049801793797,True,True,True,True,BROOKLYN,Closed,2025,1,January,Wednesday,0,2025-01-01,True,False,0.0125,0.0005208333333333333,False,
63573934,2025-01-01 00:20:14,2025-01-01 00:56:15,NYPD,New York City Police Department,Illegal Fireworks,N/A,Residential Building/House,10033,NEW YORK,Closed,,2025-01-01 00:56:19,12 MANHATTAN,10,Precinct 34,Manhattan,Online,40.85018573659014,-73.9385880279645,True,True,True,True,MANHATTAN,Closed,2025,1,January,Wednesday,0,2025-01-01,True,False,0.6002777777777778,0.025011574074074075,False,
63573935,2025-01-01 00:23:39,2025-01-01 00:25:37,NYPD,New York City Police Department,Illegal Fireworks,N/A,Residential Building/House,11204,,Closed,,2025-01-01 00:25:40,12 BROOKLYN,44,Precinct 66,Brooklyn,Phone,40.62202197009397,-73.98725527955617,True,True,True,True,BROOKLYN,Closed,2025,1,January,Wednesday,0,2025-01-01,True,False,0.03277777777777778,0.001365740740740741,False,
63573936,2025-01-01 00:22:38,2025-01-01 01:20:56,NYPD,New York City Police Department,Illegal Fireworks,N/A,Residential Building/House,11220,BROOKLYN,Closed,,2025-01-01 01:21:00,07 BROOKLYN,38,Precinct 72,Brooklyn,Online,40.64590139793804,-74.01464113384458,True,True,True,True,BROOKLYN,Closed,2025,1,January,Wednesday,0,2025-01-01,True,False,0.9716666666666667,0.04048611111111111,False,
63573949,2025-01-01 00:25:33,2025-01-01 00:44:06,NYPD,New York City Police Department,Illegal Fireworks,N/A,Street/Sidewalk,11235,,Closed,,2025-01-01 00:44:12,15 BROOKLYN,48,Precinct 61,Brooklyn,Online,40.58310603238007,-73.95414141923551,True,True,True,True,BROOKLYN,Closed,2025,1,January,Wednesday,0,2025-01-01,True,False,0.30916666666666665,0.012881944444444444,False,
63573952,2025-01-01 00:42:09,2025-01-01 00:51:43,NYPD,New York City Police Department,Illegal Fireworks,N/A,Street/Sidewalk,10457,BRONX,Closed,,2025-01-01 00:51:45,05 BRONX,14,Precinct 46,Bronx,Online,40.84768048216664,-73.90680839259974,True,True,True,True,BRONX,Closed,2025,1,January,Wednesday,0,2025-01-01,True,False,0.15944444444444444,0.006643518518518518,False,
63573953,2025-01-01 00:19:28,2025-01-01 00:52:03,NYPD,New York City Police Department,Noise - Commercial,Banging/Pounding,Store/Commercial,11237,BROOKLYN,Closed,,2025-01-01 00:52:05,04 BROOKLYN,37,Precinct 83,Brooklyn,Mobile,40.691923716631486,-73.90560532261145,True,True,True,True,BROOKLYN,Closed,2025,1,January,Wednesday,0,2025-01-01,True,False,0.5430555555555555,0.022627314814814812,False,
63573954,2025-01-01 00:25:45,2025-01-01 01:07:36,NYPD,New York City Police Department,Noise - Commercial,Loud Music/Party,Club/Bar/Restaurant,10012,NEW YORK,Closed,,2025-01-01 01:07:39,02 MANHATTAN,01,Precinct 1,Manhattan,Online,40.72671109521736,-74.00276364952728,True,True,True,True,MANHATTAN,Closed,2025,1,January,Wednesday,0,2025-01-01,True,False,0.6975,0.0290625,False,
63573972,2025-01-01 00:10:30,2025-01-01 00:56:42,NYPD,New York City Police Department,Illegal Fireworks,N/A,Residential Building/House,11364,OAKLAND GARDENS,Closed,,2025-01-01 00:56:47,11 QUEENS,20,Precinct 111,Queens,Online,40.75238917286127,-73.77695657046795,True,True,True,True,QUEENS,Closed,2025,1,January,Wednesday,0,2025-01-01,True,False,0.77,0.03208333333333333,False,
63573973,2025-01-01 00:28:10,2025-01-01 00:54:00,NYPD,New York City Police Department,Illegal Fireworks,N/A,Street/Sidewalk,11225,,Closed,,2025-01-01 00:54:05,09 BROOKLYN,40,Precinct 71,Brooklyn,Phone,40.65608138201913,-73.95305328080327,True,True,True,True,BROOKLYN,Closed,2025,1,January,Wednesday,0,2025-01-01,True,False,0.4305555555555556,0.017939814814814815,False,
63573975,2025-01-01 00:24:52,2025-01-01 00:43:46,NYPD,New York City Police Department,Illegal Fireworks,N/A,Street/Sidewalk,11364,,Closed,,2025-01-01 00:43:49,11 QUEENS,23,Precinct 111,Queens,Phone,40.75473246142093,-73.75369317821458,True,True,True,True,QUEENS,Closed,2025,1,January,Wednesday,0,2025-01-01,True,False,0.315,0.013125,False,
63573977,2025-01-01 00:26:27,2025-01-01 00:57:34,NYPD,New York City Police Department,Illegal Fireworks,N/A,Residential Building/House,11694,FAR ROCKAWAY,Closed,,2025-01-01 00:57:37,14 QUEENS,32,Precinct 100,Queens,Phone,40.585428585312485,-73.82211079204079,True,True,True,True,QUEENS,Closed,2025,1,January,Wednesday,0,2025-01-01,True,False,0.5186111111111111,0.021608796296296296,False,
63573978,2025-01-01 00:57:05,2025-01-01 01:15:15,NYPD,New York City Police Department,Illegal Fireworks,N/A,Street/Sidewalk,10027,NEW YORK,Closed,,2025-01-01 01:15:19,10 MANHATTAN,09,Precinct 32,Manhattan,Online,40.81391196010455,-73.94470877405912,True,True,True,True,MANHATTAN,Closed,2025,1,January,Wednesday,0,2025-01-01,True,False,0.30277777777777776,0.01261574074074074,False,
63573979,2025-01-01 01:34:15,2025-01-01 01:45:19,NYPD,New York City Police Department,Illegal Fireworks,N/A,Street/Sidewalk,11230,,Closed,,2025-01-01 01:45:21,14 BROOKLYN,40,Precinct 70,Brooklyn,Phone,40.62998728669935,-73.97156773892421,True,True,True,True,BROOKLYN,Closed,2025,1,January,Wednesday,1,2025-01-01,True,False,0.18444444444444444,0.007685185185185185,False,
63573980,2025-01-01 00:38:57,2025-01-01 01:20:39,NYPD,New York City Police Department,Illegal Fireworks,N/A,Street/Sidewalk,11377,WOODSIDE,Closed,,2025-01-01 01:20:43,02 QUEENS,26,Precinct 108,Queens,Online,40.73660965597571,-73.90374140757781,True,True,True,True,QUEENS,Closed,2025,1,January,Wednesday,0,2025-01-01,True,False,0.695,0.028958333333333332,False,
63573981,2025-01-01 00:13:18,2025-01-01 00:43:15,NYPD,New York City Police Department,Illegal Fireworks,N/A,Street/Sidewalk,11226,BROOKLYN,Closed,,2025-01-01 00:43:19,14 BROOKLYN,40,Precinct 70,Brooklyn,Online,40.63931993845443,-73.95544677055621,True,True,True,True,BROOKLYN,Closed,2025,1,January,Wednesday,0,2025-01-01,True,False,0.49916666666666665,0.02079861111111111,False,
63573989,2025-01-01 00:07:42,2025-01-01 00:57:05,NYPD,New York City Police Department,Noise - Residential,Loud Music/Party,Residential Building/House,10458,BRONX,Closed,,2025-01-01 00:57:09,07 BRONX,15,Precinct 52,Bronx,Mobile,40.867411868569576,-73.88518515766692,True,True,True,True,BRONX,Closed,2025,1,January,Wednesday,0,2025-01-01,True,False,0.8230555555555555,0.03429398148148148,False,
63573994,2025-01-01 01:02:35,2025-01-01 01:18:43,NYPD,New York City Police Department,Illegal Fireworks,N/A,Residential Building/House,11235,BROOKLYN,Closed,,2025-01-01 01:18:46,13 BROOKLYN,48,Precinct 60,Brooklyn,Online,40.57747684249539,-73.95515683833202,True,True,True,True,BROOKLYN,Closed,2025,1,January,Wednesday,1,2025-01-01,True,False,0.2688888888888889,0.011203703703703704,False,
63573995,2025-01-01 00:12:46,2025-01-01 00:44:06,NYPD,New York City Police Department,Illegal Fireworks,N/A,Residential Building/House,11237,BROOKLYN,Closed,,2025-01-01 00:44:10,04 BROOKLYN,37,Precinct 83,Brooklyn,Online,40.6999010819122,-73.91772251379197,True,True,True,True,BROOKLYN,Closed,2025,1,January,Wednesday,0,2025-01-01,True,False,0.5222222222222223,0.02175925925925926,False,
63573997,2025-01-01 00:24:48,2025-01-01 00:48:09,NYPD,New York City Police Department,Illegal Fireworks,N/A,Street/Sidewalk,11375,FOREST HILLS,Closed,,2025-01-01 00:48:14,06 QUEENS,29,Precinct 112,Queens,Online,40.726867691302026,-73.85349008351875,True,True,True,True,QUEENS,Closed,2025,1,January,Wednesday,0,2025-01-01,True,False,0.38916666666666666,0.016215277777777776,False,
63573999,2025-01-01 00:11:47,2025-01-01 00:53:33,NYPD,New York City Police Department,Illegal Fireworks,N/A,Street/Sidewalk,10309,STATEN ISLAND,Closed,,2025-01-01 00:53:36,03 STATEN ISLAND,51,Precinct 123,Staten Island,Online,40.541251835971465,-74.20981085614555,True,True,True,True,STATEN ISLAND,Closed,2025,1,January,Wednesday,0,2025-01-01,True,False,0.6961111111111111,0.02900462962962963,False,
63574000,2025-01-01 00:10:58,2025-01-01 00:42:18,NYPD,New York City Police Department,Illegal Fireworks,N/A,Street/Sidewalk,11214,BROOKLYN,Closed,,2025-01-01 00:42:21,11 BROOKLYN,43,Precinct 62,Brooklyn,Online,40.61119168483518,-73.99699261869242,True,True,True,True,BROOKLYN,Closed,2025,1,January,Wednesday,0,2025-01-01,True,False,0.5222222222222223,0.02175925925925926,False,
63574002,2025-01-01 00:08:58,2025-01-01 00:29:02,NYPD,New York City Police Department,Illegal Fireworks,N/A,Street/Sidewalk,11226,BROOKLYN,Closed,,2025-01-01 00:29:05,14 BROOKLYN,40,Precinct 70,Brooklyn,Online,40.63927348936784,-73.95599808664286,True,True,True,True,BROOKLYN,Closed,2025,1,January,Wednesday,0,2025-01-01,True,False,0.33444444444444443,0.013935185185185184,False,
63574003,2025-01-01 00:26:37,2025-01-01 01:00:03,NYPD,New York City Police Department,Illegal Fireworks,N/A,Street/Sidewalk,10312,STATEN ISLAND,Closed,,2025-01-01 01:00:07,03 STATEN ISLAND,51,Precinct 123,Staten Island,Online,40.56166768241052,-74.1772968871166,True,True,True,True,STATEN ISLAND,Closed,2025,1,January,Wednesday,0,2025-01-01,True,False,0.5572222222222222,0.023217592592592592,False,
63574004,2025-01-01 00:11:50,2025-01-01 00:52:56,NYPD,New York City Police Department,Illegal Fireworks,N/A,Street/Sidewalk,11204,BROOKLYN,Closed,,2025-01-01 00:53:00,11 BROOKLYN,44,Precinct 62,Brooklyn,Online,40.61343204542717,-73.97763657794479,True,True,True,True,BROOKLYN,Closed,2025,1,January,Wednesday,0,2025-01-01,True,False,0.685,0.02854166666666667,False,
63574006,2025-01-01 00:05:22,2025-01-01 00:54:11,NYPD,New York City Police Department,Noise - Commercial,Banging/Pounding,Store/Commercial,11375,FOREST HILLS,Closed,,2025-01-01 00:54:14,06 QUEENS,29,Precinct 112,Queens,Mobile,40.7190060049748,-73.84663871262093,True,True,True,True,QUEENS,Closed,2025,1,January,Wednesday,0,2025-01-01,True,False,0.8136111111111111,0.03390046296296296,False,
63574008,2025-01-01 01:02:53,2025-01-01 01:21:27,NYPD,New York City Police Department,Noise - Commercial,Loud Music/Party,Store/Commercial,11237,BROOKLYN,Closed,,2025-01-01 01:21:30,01 BROOKLYN,34,Precinct 90,Brooklyn,Mobile,40.7064230151132,-73.93079633071758,True,True,True,True,BROOKLYN,Closed,2025,1,January,Wednesday,1,2025-01-01,True,False,0.30944444444444447,0.01289351851851852,False,
63574010,2025-01-01 00:53:16,2025-01-01 01:23:45,NYPD,New York City Police Department,Noise - Commercial,Loud Music/Party,Store/Commercial,11206,BROOKLYN,Closed,,2025-01-01 01:23:49,04 BROOKLYN,34,Precinct 83,Brooklyn,Mobile,40.69933436742159,-73.93748637968389,True,True,True,True,BROOKLYN,Closed,2025,1,January,Wednesday,0,2025-01-01,True,False,0.5080555555555556,0.021168981481481483,False,
63574013,2025-01-01 00:14:11,2025-01-01 01:07:17,NYPD,New York City Police Department,Noise - Residential,Banging/Pounding,Residential Building/House,10457,BRONX,Closed,,2025-01-01 01:07:21,05 BRONX,15,Precinct 46,Bronx,Phone,40.848533419181855,-73.90598670450618,True,True,True,True,BRONX,Closed,2025,1,January,Wednesday,0,2025-01-01,True,False,0.885,0.036875,False,
63574016,2025-01-01 00:46:23,2025-01-01 01:22:24,NYPD,New York City Police Department,Noise - Commercial,Banging/Pounding,Store/Commercial,11385,RIDGEWOOD,Closed,,2025-01-01 01:22:26,05 QUEENS,34,Precinct 104,Queens,Mobile,40.70042510413209,-73.90009340766889,True,True,True,True,QUEENS,Closed,2025,1,January,Wednesday,0,2025-01-01,True,False,0.6002777777777778,0.025011574074074075,False,
63574032,2025-01-01 01:02:00,2025-01-01 01:13:34,NYPD,New York City Police Department,Noise - Commercial,Loud Music/Party,Club/Bar/Restaurant,10004,NEW YORK,Closed,,2025-01-01 01:13:37,01 MANHATTAN,01,Precinct 1,Manhattan,Online,40.70439027897919,-74.01023578489063,True,True,True,True,MANHATTAN,Closed,2025,1,January,Wednesday,1,2025-01-01,True,False,0.19277777777777777,0.008032407407407407,False,
63574033,2025-01-01 01:20:59,2025-01-01 01:41:47,NYPD,New York City Police Department,Noise - Commercial,Loud Music/Party,Store/Commercial,11238,BROOKLYN,Closed,,2025-01-01 01:41:50,08 BROOKLYN,35,Precinct 77,Brooklyn,Mobile,40.67952970394803,-73.96817561904535,True,True,True,True,BROOKLYN,Closed,2025,1,January,Wednesday,1,2025-01-01,True,False,0.3466666666666667,0.014444444444444446,False,
63574039,2025-01-01 00:44:35,2025-01-01 01:10:29,NYPD,New York City Police Department,Noise - Residential,Banging/Pounding,Residential Building/House,11213,BROOKLYN,Closed,,2025-01-01 01:10:34,09 BROOKLYN,41,Precinct 71,Brooklyn,Online,40.66770152165978,-73.92915310753094,True,True,True,True,BROOKLYN,Closed,2025,1,January,Wednesday,0,2025-01-01,True,False,0.43166666666666664,0.01798611111111111,False,
63574053,2025-01-01 00:48:31,2025-01-01 00:53:52,NYPD,New York City Police Department,Noise - Residential,Banging/Pounding,Residential Building/House,11357,WHITESTONE,Closed,,2025-01-01 00:53:54,07 QUEENS,19,Precinct 109,Queens,Online,40.79144550288266,-73.81151698141707,True,True,True,True,QUEENS,Closed,2025,1,January,Wednesday,0,2025-01-01,True,False,0.08916666666666667,0.003715277777777778,False,
63574056,2025-01-01 00:10:46,2025-01-01 01:14:47,NYPD,New York City Police Department,Noise - Residential,Banging/Pounding,Residential Building/House,11231,BROOKLYN,Closed,,2025-01-01 01:14:50,06 BROOKLYN,38,Precinct 76,Brooklyn,Mobile,40.67537574173859,-74.0026533686393,True,True,True,True,BROOKLYN,Closed,2025,1,January,Wednesday,0,2025-01-01,True,False,1.0669444444444445,0.04445601851851852,False,
63574059,2025-01-01 00:58:05,2025-01-01 01:02:11,NYPD,New York City Police Department,Noise - Residential,Banging/Pounding,Residential Building/House,11357,WHITESTONE,Closed,,2025-01-01 01:02:14,07 QUEENS,19,Precinct 109,Queens,Online,40.79144550288266,-73.81151698141707,True,True,True,True,QUEENS,Closed,2025,1,January,Wednesday,0,2025-01-01,True,False,0.06833333333333333,0.002847222222222222,False,
63574062,2025-01-01 00:08:01,2025-01-01 00:56:06,NYPD,New York City Police Department,Noise - Residential,Banging/Pounding,Residential Building/House,11356,COLLEGE POINT,Closed,,2025-01-01 00:56:09,07 QUEENS,19,Precinct 109,Queens,Phone,40.78639018758437,-73.84297347548763,True,True,True,True,QUEENS,Closed,2025,1,January,Wednesday,0,2025-01-01,True,False,0.8013888888888889,0.03339120370370371,False,
63574073,2025-01-01 00:26:59,2025-01-01 00:48:14,NYPD,New York City Police Department,Noise - Residential,Banging/Pounding,Residential Building/House,10031,NEW YORK,Closed,,2025-01-01 00:48:17,09 MANHATTAN,07,Precinct 30,Manhattan,Mobile,40.83005120901824,-73.94535663330883,True,True,True,True,MANHATTAN,Closed,2025,1,January,Wednesday,0,2025-01-01,True,False,0.3541666666666667,0.014756944444444446,False,
63574074,2025-01-01 00:45:10,2025-01-01 01:12:03,NYPD,New York City Police Department,Noise - Residential,Banging/Pounding,Residential Building/House,10457,BRONX,Closed,,2025-01-01 01:12:06,05 BRONX,15,Precinct 46,Bronx,Phone,40.848533419181855,-73.90598670450618,True,True,True,True,BRONX,Closed,2025,1,January,Wednesday,0,2025-01-01,True,False,0.44805555555555554,0.01866898148148148,False,
63574075,2025-01-01 00:17:06,2025-01-01 00:32:23,NYPD,New York City Police Department,Noise - Residential,Banging/Pounding,Residential Building/House,11235,BROOKLYN,Closed,,2025-01-01 00:32:26,15 BROOKLYN,47,Precinct 61,Brooklyn,Mobile,40.59006529372053,-73.96537744858672,True,True,True,True,BROOKLYN,Closed,2025,1,January,Wednesday,0,2025-01-01,True,False,0.25472222222222224,0.010613425925925927,False,
63574081,2025-01-01 00:53:50,2025-01-01 01:05:46,NYPD,New York City Police Department,Noise - Residential,Loud Music/Party,Residential Building/House,10467,BRONX,Closed,,2025-01-01 01:05:49,11 BRONX,15,Precinct 49,Bronx,Mobile,40.86366393876161,-73.8684345690263,True,True,True,True,BRONX,Closed,2025,1,January,Wednesday,0,2025-01-01,True,False,0.1988888888888889,0.008287037037037037,False,
63574107,2025-01-01 01:22:24,2025-01-01 01:28:51,NYPD,New York City Police Department,Noise - Residential,Loud Music/Party,Residential Building/House,11420,SOUTH OZONE PARK,Closed,,2025-01-01 01:28:53,10 QUEENS,28,Precinct 106,Queens,Online,40.66640666404201,-73.83198422386607,True,True,True,True,QUEENS,Closed,2025,1,January,Wednesday,1,2025-01-01,True,False,0.1075,0.004479166666666667,False,
63574138,2025-01-01 00:15:51,2025-01-01 01:02:58,NYPD,New York City Police Department,Noise - Residential,Loud Music/Party,Residential Building/House,10468,BRONX,Closed,,2025-01-01 01:03:01,07 BRONX,11,Precinct 52,Bronx,Phone,40.87726112167844,-73.88648439907897,True,True,True,True,BRONX,Closed,2025,1,January,Wednesday,0,2025-01-01,True,False,0.7852777777777777,0.032719907407407406,False,
63574160,2025-01-01 00:55:02,2025-01-01 01:42:49,NYPD,New York City Police Department,Noise - Residential,Loud Music/Party,Residential Building/House,11420,SOUTH OZONE PARK,Closed,,2025-01-01 01:42:51,10 QUEENS,28,Precinct 106,Queens,Phone,40.685256223352745,-73.81147099184552,True,True,True,True,QUEENS,Closed,2025,1,January,Wednesday,0,2025-01-01,True,False,0.7963888888888889,0.03318287037037037,False,
63574169,2025-01-01 01:29:26,2025-01-01 01:41:46,NYPD,New York City Police Department,Noise - Residential,Loud Music/Party,Residential Building/House,11357,WHITESTONE,Closed,,2025-01-01 01:41:51,07 QUEENS,19,Precinct 109,Queens,Online,40.793689203031256,-73.82090784393971,True,True,True,True,QUEENS,Closed,2025,1,January,Wednesday,1,2025-01-01,True,False,0.20555555555555555,0.008564814814814815,False,
63574199,2025-01-01 01:37:17,2025-01-01 01:45:26,NYPD,New York City Police Department,Noise - Residential,Loud Music/Party,Residential Building/House,11216,BROOKLYN,Closed,,2025-01-01 01:45:30,08 BROOKLYN,35,Precinct 77,Brooklyn,Mobile,40.66996137140611,-73.95218195713814,True,True,True,True,BROOKLYN,Closed,2025,1,January,Wednesday,1,2025-01-01,True,False,0.13583333333333333,0.005659722222222222,False,
63574203,2025-01-01 00:56:58,2025-01-01 01:09:26,NYPD,New York City Police Department,Noise - Residential,Loud Music/Party,Residential Building/House,11216,BROOKLYN,Closed,,2025-01-01 01:09:29,03 BROOKLYN,36,Precinct 79,Brooklyn,Online,40.68793908943005,-73.94481683798875,True,True,True,True,BROOKLYN,Closed,2025,1,January,Wednesday,0,2025-01-01,True,False,0.20777777777777778,0.008657407407407407,False,
63574214,2025-01-01 01:06:29,2025-01-01 01:11:54,NYPD,New York City Police Department,Noise - Residential,Loud Music/Party,Residential Building/House,10004,NEW YORK,Closed,,2025-01-01 01:11:57,01 MANHATTAN,01,Precinct 1,Manhattan,Online,40.70440949457478,-74.01021054100694,True,True,True,True,MANHATTAN,Closed,2025,1,January,Wednesday,1,2025-01-01,True,False,0.09027777777777778,0.003761574074074074,False,
63574234,2025-01-01 00:45:11,2025-01-01 01:22:27,NYPD,New York City Police Department,Noise - Residential,Loud Music/Party,Residential Building/House,10460,BRONX,Closed,,2025-01-01 01:22:30,06 BRONX,15,Precinct 48,Bronx,Mobile,40.84488646160763,-73.88015677339625,True,True,True,True,BRONX,Closed,2025,1,January,Wednesday,0,2025-01-01,True,False,0.6211111111111111,0.025879629629629627,False,
63574251,2025-01-01 00:23:02,2025-01-01 00:27:09,NYPD,New York City Police Department,Noise - Residential,Loud Talking,Residential Building/House,10013,NEW YORK,Closed,,2025-01-01 00:27:14,01 MANHATTAN,01,Precinct 1,Manhattan,Online,40.72022232343317,-74.00674250402294,True,True,True,True,MANHATTAN,Closed,2025,1,January,Wednesday,0,2025-01-01,True,False,0.06861111111111111,0.0028587962962962963,False,
63574257,2025-01-01 01:18:37,2025-01-01 01:45:42,NYPD,New York City Police Department,Noise - Residential,Loud Music/Party,Residential Building/House,11365,FRESH MEADOWS,Closed,,2025-01-01 01:45:46,07 QUEENS,20,Precinct 109,Queens,Phone,40.74224868550663,-73.80986622170315,True,True,True,True,QUEENS,Closed,2025,1,January,Wednesday,1,2025-01-01,True,False,0.4513888888888889,0.01880787037037037,False,
63574264,2025-01-01 01:13:04,2025-01-01 01:28:00,NYPD,New York City Police Department,Noise - Residential,Loud Music/Party,Residential Building/House,11230,BROOKLYN,Closed,,2025-01-01 01:28:03,14 BROOKLYN,45,Precinct 70,Brooklyn,Phone,40.631830202889645,-73.95753417091547,True,True,True,True,BROOKLYN,Closed,2025,1,January,Wednesday,1,2025-01-01,True,False,0.24888888888888888,0.01037037037037037,False,
63574265,2025-01-01 01:19:05,2025-01-01 01:41:50,NYPD,New York City Police Department,Noise - Residential,Loud Music/Party,Residential Building/House,11420,SOUTH OZONE PARK,Closed,,2025-01-01 01:41:54,10 QUEENS,28,Precinct 106,Queens,Phone,40.68525072791517,-73.81146740171991,True,True,True,True,QUEENS,Closed,2025,1,January,Wednesday,1,2025-01-01,True,False,0.37916666666666665,0.01579861111111111,False,
63574271,2025-01-01 01:46:56,,DHS,Department of Homeless Services,Homeless Person Assistance,,Street/Sidewalk,10013,NEW YORK,Closed,,2025-01-01 04:06:12,01 MANHATTAN,01,Precinct 5,Manhattan,Mobile,40.71645943176269,-74.0023267359905,True,True,True,True,MANHATTAN,Closed,2025,1,January,Wednesday,1,2025-01-01,False,False,,,False,
63574272,2025-01-01 00:05:24,2025-01-01 00:39:07,NYPD,New York City Police Department,Noise - Street/Sidewalk,Loud Music/Party,Street/Sidewalk,10029,NEW YORK,Closed,,2025-01-01 00:39:10,11 MANHATTAN,08,Precinct 23,Manhattan,Mobile,40.79459199268616,-73.93955304171452,True,True,True,True,MANHATTAN,Closed,2025,1,January,Wednesday,0,2025-01-01,True,False,0.5619444444444445,0.023414351851851853,False,
63574294,2025-01-01 01:07:38,2025-01-01 01:14:59,NYPD,New York City Police Department,Noise - Street/Sidewalk,Loud Music/Party,Street/Sidewalk,10314,STATEN ISLAND,Closed,,2025-01-01 01:15:05,02 STATEN ISLAND,50,Precinct 121,Staten Island,Online,40.60808536285805,-74.16226147353083,True,True,True,True,STATEN ISLAND,Closed,2025,1,January,Wednesday,1,2025-01-01,True,False,0.1225,0.005104166666666667,False,
63574307,2025-01-01 00:50:42,2025-01-01 00:52:59,NYPD,New York City Police Department,Noise - Residential,Loud Music/Party,Residential Building/House,11357,WHITESTONE,Closed,,2025-01-01 00:53:00,07 QUEENS,19,Precinct 109,Queens,Online,40.79144550288266,-73.81151698141707,True,True,True,True,QUEENS,Closed,2025,1,January,Wednesday,0,2025-01-01,True,False,0.03805555555555556,0.0015856481481481483,False,
63574312,2025-01-01 01:29:05,2025-01-01 01:45:05,NYPD,New York City Police Department,Noise - Residential,Loud Music/Party,Residential Building/House,11222,BROOKLYN,Closed,,2025-01-01 01:45:10,01 BROOKLYN,33,Precinct 94,Brooklyn,Online,40.73553501537036,-73.95514789255525,True,True,True,True,BROOKLYN,Closed,2025,1,January,Wednesday,1,2025-01-01,True,False,0.26666666666666666,0.011111111111111112,False,
63574322,2025-01-01 01:44:20,2025-01-01 01:51:08,NYPD,New York City Police Department,Noise - Residential,Loud Music/Party,Residential Building/House,10456,BRONX,Closed,,2025-01-01 01:51:11,03 BRONX,16,Precinct 42,Bronx,Online,40.83694066292417,-73.90374441298103,True,True,True,True,BRONX,Closed,2025,1,January,Wednesday,1,2025-01-01,True,False,0.11333333333333333,0.004722222222222222,False,
63574335,2025-01-01 00:48:16,2025-01-01 01:44:43,NYPD,New York City Police Department,Noise - Residential,Loud Music/Party,Residential Building/House,10128,NEW YORK,Closed,,2025-01-01 01:44:45,08 MANHATTAN,05,Precinct 19,Manhattan,Online,40.78148747944625,-73.94846572359269,True,True,True,True,MANHATTAN,Closed,2025,1,January,Wednesday,0,2025-01-01,True,False,0.9408333333333333,0.03920138888888889,False,
63574338,2025-01-01 00:38:49,2025-01-01 01:25:40,NYPD,New York City Police Department,Noise - Residential,Loud Music/Party,Residential Building/House,11207,BROOKLYN,Closed,,2025-01-01 01:25:43,04 BROOKLYN,37,Precinct 83,Brooklyn,Online,40.68642291208915,-73.91218273079255,True,True,True,True,BROOKLYN,Closed,2025,1,January,Wednesday,0,2025-01-01,True,False,0.7808333333333334,0.03253472222222222,False,
63574340,2025-01-01 00:46:28,2025-01-01 01:08:09,NYPD,New York City Police Department,Noise - Residential,Loud Music/Party,Residential Building/House,11385,RIDGEWOOD,Closed,,2025-01-01 01:08:12,05 QUEENS,34,Precinct 104,Queens,Mobile,40.70827884615599,-73.91876178147548,True,True,True,True,QUEENS,Closed,2025,1,January,Wednesday,0,2025-01-01,True,False,0.36138888888888887,0.015057870370370369,False,
63574357,2025-01-01 00:08:21,2025-01-01 01:11:23,NYPD,New York City Police Department,Noise - Residential,Loud Talking,Residential Building/House,10467,BRONX,Closed,,2025-01-01 01:11:26,11 BRONX,13,Precinct 49,Bronx,Phone,40.866394648546,-73.86347957415711,True,True,True,True,BRONX,Closed,2025,1,January,Wednesday,0,2025-01-01,True,False,1.0505555555555555,0.043773148148148144,False,
63574363,2025-01-01 00:37:08,2025-01-01 00:42:50,NYPD,New York City Police Department,Noise - Street/Sidewalk,Loud Music/Party,Street/Sidewalk,11204,BROOKLYN,Closed,,2025-01-01 00:42:58,11 BROOKLYN,43,Precinct 62,Brooklyn,Online,40.61958780456889,-73.99254363787867,True,True,True,True,BROOKLYN,Closed,2025,1,January,Wednesday,0,2025-01-01,True,False,0.095,0.003958333333333334,False,
63574364,2025-01-01 00:24:13,2025-01-01 00:39:11,NYPD,New York City Police Department,Noise - Street/Sidewalk,Loud Music/Party,Street/Sidewalk,10029,NEW YORK,Closed,,2025-01-01 00:39:15,11 MANHATTAN,08,Precinct 23,Manhattan,Mobile,40.79459199268616,-73.93955304171452,True,True,True,True,MANHATTAN,Closed,2025,1,January,Wednesday,0,2025-01-01,True,False,0.24944444444444444,0.010393518518518519,False,
63574371,2025-01-01 01:23:37,2025-01-01 01:31:02,NYPD,New York City Police Department,Noise - Street/Sidewalk,Loud Music/Party,Street/Sidewalk,11420,SOUTH OZONE PARK,Closed,,2025-01-01 01:31:05,10 QUEENS,28,Precinct 106,Queens,Online,40.66640666404201,-73.83198422386607,True,True,True,True,QUEENS,Closed,2025,1,January,Wednesday,1,2025-01-01,True,False,0.12361111111111112,0.0051504629629629635,False,
63574373,2025-01-01 00:46:36,2025-01-01 00:57:14,NYPD,New York City Police Department,Noise - Street/Sidewalk,Loud Music/Party,Street/Sidewalk,10304,STATEN ISLAND,Closed,,2025-01-01 00:57:17,02 STATEN ISLAND,50,Precinct 122,Staten Island,Mobile,40.59789624675233,-74.0969048378964,True,True,True,True,STATEN ISLAND,Closed,2025,1,January,Wednesday,0,2025-01-01,True,False,0.17722222222222223,0.00738425925925926,False,
63574376,2025-01-01 01:20:36,2025-01-01 01:33:55,NYPD,New York City Police Department,Noise - Street/Sidewalk,Loud Music/Party,Street/Sidewalk,10027,NEW YORK,Closed,,2025-01-01 01:33:58,09 MANHATTAN,09,Precinct 26,Manhattan,Mobile,40.81237834836466,-73.95240115039357,True,True,True,True,MANHATTAN,Closed,2025,1,January,Wednesday,1,2025-01-01,True,False,0.22194444444444444,0.009247685185185185,False,
63574382,2025-01-01 01:23:14,2025-01-01 01:32:46,NYPD,New York City Police Department,Noise - Street/Sidewalk,Loud Music/Party,Street/Sidewalk,10314,STATEN ISLAND,Closed,,2025-01-01 01:32:49,01 STATEN ISLAND,50,Precinct 121,Staten Island,Mobile,40.61614473968628,-74.13870285126288,True,True,True,True,STATEN ISLAND,Closed,2025,1,January,Wednesday,1,2025-01-01,True,False,0.15888888888888889,0.00662037037037037,False,
63574383,2025-01-01 00:18:23,2025-01-01 01:04:44,NYPD,New York City Police Department,Noise - Street/Sidewalk,Loud Music/Party,Street/Sidewalk,11375,FOREST HILLS,Closed,,2025-01-01 01:04:47,06 QUEENS,24,Precinct 112,Queens,Mobile,40.735743912936805,-73.85323241259277,True,True,True,True,QUEENS,Closed,2025,1,January,Wednesday,0,2025-01-01,True,False,0.7725,0.0321875,False,
63574384,2025-01-01 01:04:21,2025-01-01 01:35:26,NYPD,New York City Police Department,Noise - Street/Sidewalk,Loud Talking,Street/Sidewalk,11201,BROOKLYN,Closed,,2025-01-01 01:35:28,02 BROOKLYN,33,Precinct 84,Brooklyn,Online,40.68625006303088,-73.98927662334064,True,True,True,True,BROOKLYN,Closed,2025,1,January,Wednesday,1,2025-01-01,True,False,0.5180555555555556,0.02158564814814815,False,
63574391,2025-01-01 01:07:16,2025-01-01 01:36:50,NYPD,New York City Police Department,Noise - Street/Sidewalk,Loud Music/Party,Street/Sidewalk,11237,BROOKLYN,Closed,,2025-01-01 01:36:54,04 BROOKLYN,37,Precinct 83,Brooklyn,Online,40.698532592480255,-73.91552070798988,True,True,True,True,BROOKLYN,Closed,2025,1,January,Wednesday,1,2025-01-01,True,False,0.49277777777777776,0.020532407407407405,False,
63574393,2025-01-01 00:15:28,2025-01-01 01:08:34,NYPD,New York City Police Department,Noise - Street/Sidewalk,Loud Music/Party,Street/Sidewalk,11378,MASPETH,Closed,,2025-01-01 01:08:37,05 QUEENS,30,Precinct 104,Queens,Mobile,40.725273998258125,-73.90731509326227,True,True,True,True,QUEENS,Closed,2025,1,January,Wednesday,0,2025-01-01,True,False,0.885,0.036875,False,
63574394,2025-01-01 00:20:42,2025-01-01 00:35:25,NYPD,New York City Police Department,Noise - Street/Sidewalk,Loud Music/Party,Street/Sidewalk,10033,NEW YORK,Closed,,2025-01-01 00:35:29,12 MANHATTAN,10,Precinct 33,Manhattan,Online,40.84432870921337,-73.93393824555181,True,True,True,True,MANHATTAN,Closed,2025,1,January,Wednesday,0,2025-01-01,True,False,0.2452777777777778,0.010219907407407408,False,
63574395,2025-01-01 01:19:39,2025-01-01 01:30:28,NYPD,New York City Police Department,Noise - Vehicle,Car/Truck Music,Street/Sidewalk,11203,BROOKLYN,Closed,,2025-01-01 01:30:30,09 BROOKLYN,40,Precinct 71,Brooklyn,Mobile,40.65941517743085,-73.9389835134306,True,True,True,True,BROOKLYN,Closed,2025,1,January,Wednesday,1,2025-01-01,True,False,0.1802777777777778,0.007511574074074074,False,
63574402,2025-01-01 00:36:44,2025-01-01 00:59:59,NYPD,New York City Police Department,Noise - Street/Sidewalk,Loud Talking,Street/Sidewalk,11229,BROOKLYN,Closed,,2025-01-01 01:00:02,15 BROOKLYN,48,Precinct 61,Brooklyn,Mobile,40.59925014740667,-73.95930858428086,True,True,True,True,BROOKLYN,Closed,2025,1,January,Wednesday,0,2025-01-01,True,False,0.3875,0.016145833333333335,False,
63574404,2025-01-01 00:10:20,2025-01-01 00:16:03,NYPD,New York City Police Department,Noise - Street/Sidewalk,Loud Talking,Street/Sidewalk,11232,BROOKLYN,Closed,,2025-01-01 00:16:05,12 BROOKLYN,38,Precinct 66,Brooklyn,Mobile,40.64478243522447,-73.99771540163759,True,True,True,True,BROOKLYN,Closed,2025,1,January,Wednesday,0,2025-01-01,True,False,0.09527777777777778,0.003969907407407407,False,
63574516,2025-01-01 00:06:32,2025-01-01 02:09:56,NYPD,New York City Police Department,Illegal Fireworks,N/A,Street/Sidewalk,11385,RIDGEWOOD,Closed,,2025-01-01 02:10:00,05 QUEENS,32,Precinct 104,Queens,Online,40.70336290395068,-73.86354294968811,True,True,True,True,QUEENS,Closed,2025,1,January,Wednesday,0,2025-01-01,True,False,2.0566666666666666,0.08569444444444445,False,
63574517,2025-01-01 00:35:34,2025-01-01 01:56:14,NYPD,New York City Police Department,Illegal Fireworks,N/A,Street/Sidewalk,11236,BROOKLYN,Closed,,2025-01-01 01:56:17,18 BROOKLYN,46,Precinct 69,Brooklyn,Phone,40.64651024833408,-73.89483365742838,True,True,True,True,BROOKLYN,Closed,2025,1,January,Wednesday,0,2025-01-01,True,False,1.3444444444444446,0.05601851851851852,False,
63574519,2025-01-01 01:19:16,2025-01-01 03:38:41,NYPD,New York City Police Department,Illegal Parking,Posted Parking Sign Violation,Street/Sidewalk,11420,SOUTH OZONE PARK,Closed,,2025-01-01 03:38:46,10 QUEENS,28,Precinct 106,Queens,Online,40.66944046150393,-73.81635334855022,True,True,True,True,QUEENS,Closed,2025,1,January,Wednesday,1,2025-01-01,True,False,2.323611111111111,0.09681712962962963,False,
63574520,2025-01-01 01:45:48,2025-01-01 04:55:28,NYPD,New York City Police Department,Illegal Parking,Posted Parking Sign Violation,Street/Sidewalk,11209,BROOKLYN,Closed,,2025-01-01 04:55:32,10 BROOKLYN,47,Precinct 68,Brooklyn,Mobile,40.63599129110877,-74.03427166777746,True,True,True,True,BROOKLYN,Closed,2025,1,January,Wednesday,1,2025-01-01,True,False,3.161111111111111,0.13171296296296295,False,
63574530,2025-01-01 01:11:45,2025-01-01 02:31:54,NYPD,New York City Police Department,Noise - Residential,Banging/Pounding,Residential Building/House,11213,BROOKLYN,Closed,,2025-01-01 02:31:57,08 BROOKLYN,36,Precinct 77,Brooklyn,Phone,40.67602386623132,-73.9340761208798,True,True,True,True,BROOKLYN,Closed,2025,1,January,Wednesday,1,2025-01-01,True,False,1.3358333333333334,0.05565972222222223,False,
63574532,2025-01-01 00:14:51,2025-01-01 09:01:36,NYPD,New York City Police Department,Noise - Residential,Loud Music/Party,Residential Building/House,10466,BRONX,Closed,,2025-01-01 09:01:54,12 BRONX,11,Precinct 47,Bronx,Mobile,40.89187241649303,-73.86016845296459,True,True,True,True,BRONX,Closed,2025,1,January,Wednesday,0,2025-01-01,True,False,8.779166666666667,0.3657986111111111,False,
63574567,2025-01-01 01:51:24,2025-01-02 17:03:53,NYPD,New York City Police Department,Noise - Residential,Loud Music/Party,Residential Building/House,10466,BRONX,Closed,,2025-01-02 17:05:05,12 BRONX,11,Precinct 47,Bronx,Mobile,40.89187241649303,-73.86016845296459,True,True,True,True,BRONX,Closed,2025,1,January,Wednesday,1,2025-01-01,True,False,39.20805555555555,1.6336689814814813,False,
63574585,2025-01-01 00:18:37,2025-01-02 17:05:54,NYPD,New York City Police Department,Noise - Residential,Loud Music/Party,Residential Building/House,10466,BRONX,Closed,,2025-01-02 17:07:03,12 BRONX,11,Precinct 47,Bronx,Mobile,40.89187241649303,-73.86016845296459,True,True,True,True,BRONX,Closed,2025,1,January,Wednesday,0,2025-01-01,True,False,40.78805555555556,1.699502314814815,False,
63574597,2025-01-01 00:07:19,2025-01-02 08:55:17,DSNY,Department of Sanitation,Illegal Dumping,Removal Request,Sidewalk,11373,ELMHURST,Closed,,2025-01-02 06:49:02,04 QUEENS,30,Precinct 110,Queens,Online,40.73349504115585,-73.88366589807944,True,True,True,True,QUEENS,Closed,2025,1,January,Wednesday,0,2025-01-01,True,False,32.79944444444445,1.3666435185185186,False,
63574621,2025-01-01 01:27:40,2025-01-01 01:54:43,NYPD,New York City Police Department,Noise - Commercial,Banging/Pounding,Club/Bar/Restaurant,11249,BROOKLYN,Closed,,2025-01-01 01:54:46,01 BROOKLYN,33,Precinct 90,Brooklyn,Online,40.71446420599,-73.9650747533231,True,True,True,True,BROOKLYN,Closed,2025,1,January,Wednesday,1,2025-01-01,True,False,0.4508333333333333,0.01878472222222222,False,
63574630,2025-01-01 00:31:42,2025-01-01 02:53:48,NYPD,New York City Police Department,Noise - Residential,Banging/Pounding,Residential Building/House,10458,BRONX,Closed,,2025-01-01 02:53:52,06 BRONX,15,Precinct 48,Bronx,Phone,40.85318132558475,-73.88592544512991,True,True,True,True,BRONX,Closed,2025,1,January,Wednesday,0,2025-01-01,True,False,2.368333333333333,0.09868055555555555,False,
63574635,2025-01-01 01:37:30,2025-01-01 01:59:31,NYPD,New York City Police Department,Noise - Residential,Loud Music/Party,Residential Building/House,11370,EAST ELMHURST,Closed,,2025-01-01 01:59:36,01 QUEENS,22,Precinct 114,Queens,Phone,40.76761338855129,-73.89039331996915,True,True,True,True,QUEENS,Closed,2025,1,January,Wednesday,1,2025-01-01,True,False,0.36694444444444446,0.015289351851851853,False,
63574639,2025-01-01 00:27:31,2025-01-02 17:08:20,NYPD,New York City Police Department,Noise - Residential,Loud Music/Party,Residential Building/House,10466,BRONX,Closed,,2025-01-02 17:11:53,12 BRONX,11,Precinct 47,Bronx,Mobile,40.89187241649303,-73.86016845296459,True,True,True,True,BRONX,Closed,2025,1,January,Wednesday,0,2025-01-01,True,False,40.680277777777775,1.6950115740740739,False,
63574641,2025-01-01 00:04:54,2025-01-01 09:01:52,NYPD,New York City Police Department,Noise - Residential,Loud Music/Party,Residential Building/House,10466,BRONX,Closed,,2025-01-01 09:01:56,12 BRONX,11,Precinct 47,Bronx,Mobile,40.89187241649303,-73.86016845296459,True,True,True,True,BRONX,Closed,2025,1,January,Wednesday,0,2025-01-01,True,False,8.949444444444444,0.3728935185185185,False,
63574648,2025-01-01 00:37:43,2025-01-02 17:07:28,NYPD,New York City Police Department,Noise - Residential,Loud Music/Party,Residential Building/House,10466,BRONX,Closed,,2025-01-02 17:10:00,12 BRONX,11,Precinct 47,Bronx,Mobile,40.89187241649303,-73.86016845296459,True,True,True,True,BRONX,Closed,2025,1,January,Wednesday,0,2025-01-01,True,False,40.49583333333333,1.6873263888888888,False,
63574681,2025-01-01 00:04:57,2025-01-01 03:05:10,NYPD,New York City Police Department,Noise - Residential,Loud Music/Party,Residential Building/House,10039,NEW YORK,Closed,,2025-01-01 03:05:13,10 MANHATTAN,09,Precinct 32,Manhattan,Mobile,40.83036226062551,-73.93640207830494,True,True,True,True,MANHATTAN,Closed,2025,1,January,Wednesday,0,2025-01-01,True,False,3.0036111111111112,0.12515046296296298,False,
63574687,2025-01-01 01:05:57,2025-01-01 14:34:10,NYPD,New York City Police Department,Noise - Residential,Loud Music/Party,Residential Building/House,10019,NEW YORK,Closed,,2025-01-01 14:34:14,04 MANHATTAN,06,Precinct 18,Manhattan,Online,40.76843331312154,-73.98695649983485,True,True,True,True,MANHATTAN,Closed,2025,1,January,Wednesday,1,2025-01-01,True,False,13.470277777777778,0.5612615740740741,False,
63574688,2025-01-01 00:22:32,2025-01-01 09:01:06,NYPD,New York City Police Department,Noise - Residential,Loud Music/Party,Residential Building/House,10466,BRONX,Closed,,2025-01-01 09:01:19,12 BRONX,11,Precinct 47,Bronx,Mobile,40.89187241649303,-73.86016845296459,True,True,True,True,BRONX,Closed,2025,1,January,Wednesday,0,2025-01-01,True,False,8.642777777777777,0.3601157407407407,False,
63574689,2025-01-01 00:19:15,2025-01-02 17:03:43,NYPD,New York City Police Department,Noise - Residential,Loud Music/Party,Residential Building/House,10466,BRONX,Closed,,2025-01-02 17:04:50,12 BRONX,11,Precinct 47,Bronx,Mobile,40.89187241649303,-73.86016845296459,True,True,True,True,BRONX,Closed,2025,1,January,Wednesday,0,2025-01-01,True,False,40.74111111111111,1.6975462962962962,False,
63574690,2025-01-01 00:59:17,2025-01-02 17:03:52,NYPD,New York City Police Department,Noise - Residential,Loud Music/Party,Residential Building/House,10466,BRONX,Closed,,2025-01-02 17:04:53,12 BRONX,11,Precinct 47,Bronx,Mobile,40.89187241649303,-73.86016845296459,True,True,True,True,BRONX,Closed,2025,1,January,Wednesday,0,2025-01-01,True,False,40.076388888888886,1.669849537037037,False,
63574716,2025-01-01 01:37:26,2025-01-02 17:05:55,NYPD,New York City Police Department,Noise - Residential,Loud Music/Party,Residential Building/House,10466,BRONX,Closed,,2025-01-02 17:08:18,12 BRONX,11,Precinct 47,Bronx,Mobile,40.89187241649303,-73.86016845296459,True,True,True,True,BRONX,Closed,2025,1,January,Wednesday,1,2025-01-01,True,False,39.47472222222222,1.6447800925925924,False,
63574724,2025-01-01 01:07:33,2025-01-02 17:09:57,NYPD,New York City Police Department,Noise - Residential,Loud Music/Party,Residential Building/House,10466,BRONX,Closed,,2025-01-02 17:12:23,12 BRONX,11,Precinct 47,Bronx,Mobile,40.89187241649303,-73.86016845296459,True,True,True,True,BRONX,Closed,2025,1,January,Wednesday,1,2025-01-01,True,False,40.04,1.6683333333333332,False,
63574729,2025-01-01 00:29:02,2025-01-01 02:02:45,NYPD,New York City Police Department,Illegal Fireworks,N/A,Street/Sidewalk,10304,STATEN ISLAND,Closed,,2025-01-01 02:02:47,01 STATEN ISLAND,49,Precinct 120,Staten Island,Online,40.63478472964128,-74.08119198492439,True,True,True,True,STATEN ISLAND,Closed,2025,1,January,Wednesday,0,2025-01-01,True,False,1.5619444444444444,0.06508101851851851,False,
63574730,2025-01-01 01:48:17,2025-01-01 02:59:06,NYPD,New York City Police Department,Illegal Parking,Commercial Overnight Parking,Street/Sidewalk,11235,BROOKLYN,Closed,,2025-01-01 02:59:12,15 BROOKLYN,48,Precinct 61,Brooklyn,Mobile,40.585557627841766,-73.94879693160763,True,True,True,True,BROOKLYN,Closed,2025,1,January,Wednesday,1,2025-01-01,True,False,1.1802777777777778,0.04917824074074074,False,
63574742,2025-01-01 01:43:13,2025-01-01 04:00:46,NYPD,New York City Police Department,Noise - Residential,Loud Music/Party,Residential Building/House,11204,BROOKLYN,Closed,,2025-01-01 04:00:51,11 BROOKLYN,43,Precinct 62,Brooklyn,Phone,40.61636480835861,-73.98600648876088,True,True,True,True,BROOKLYN,Closed,2025,1,January,Wednesday,1,2025-01-01,True,False,2.2925,0.09552083333333333,False,
63574743,2025-01-01 01:41:47,2025-01-01 02:12:27,NYPD,New York City Police Department,Noise - Residential,Loud Music/Party,Residential Building/House,11229,BROOKLYN,Closed,,2025-01-01 02:12:31,15 BROOKLYN,48,Precinct 61,Brooklyn,Phone,40.60543707114272,-73.95254509020961,True,True,True,True,BROOKLYN,Closed,2025,1,January,Wednesday,1,2025-01-01,True,False,0.5111111111111111,0.021296296296296296,False,
63574746,2025-01-01 00:44:03,2025-01-02 17:11:30,NYPD,New York City Police Department,Noise - Residential,Loud Music/Party,Residential Building/House,10466,BRONX,Closed,,2025-01-02 17:15:58,12 BRONX,11,Precinct 47,Bronx,Mobile,40.89187241649303,-73.86016845296459,True,True,True,True,BRONX,Closed,2025,1,January,Wednesday,0,2025-01-01,True,False,40.4575,1.6857291666666667,False,
63574747,2025-01-01 01:15:10,2025-01-02 17:08:13,NYPD,New York City Police Department,Noise - Residential,Loud Music/Party,Residential Building/House,10466,BRONX,Closed,,2025-01-02 17:11:34,12 BRONX,11,Precinct 47,Bronx,Mobile,40.89187241649303,-73.86016845296459,True,True,True,True,BRONX,Closed,2025,1,January,Wednesday,1,2025-01-01,True,False,39.884166666666665,1.6618402777777777,False,
63574754,2025-01-01 00:08:29,2025-01-02 17:09:52,NYPD,New York City Police Department,Noise - Residential,Loud Music/Party,Residential Building/House,10466,BRONX,Closed,,2025-01-02 17:13:47,12 BRONX,11,Precinct 47,Bronx,Mobile,40.89187241649303,-73.86016845296459,True,True,True,True,BRONX,Closed,2025,1,January,Wednesday,0,2025-01-01,True,False,41.02305555555556,1.7092939814814816,False,
63574756,2025-01-01 00:59:04,2025-01-01 02:03:14,NYPD,New York City Police Department,Noise - Street/Sidewalk,Loud Music/Party,Street/Sidewalk,10065,NEW YORK,Closed,,2025-01-01 02:03:17,08 MANHATTAN,05,Precinct 19,Manhattan,Phone,40.76189789663315,-73.9615555908387,True,True,True,True,MANHATTAN,Closed,2025,1,January,Wednesday,0,2025-01-01,True,False,1.0694444444444444,0.04456018518518518,False,
63574763,2025-01-01 01:50:55,2025-01-01 02:32:50,NYPD,New York City Police Department,Noise - Residential,Banging/Pounding,Residential Building/House,11213,BROOKLYN,Closed,,2025-01-01 02:32:52,08 BROOKLYN,36,Precinct 77,Brooklyn,Phone,40.67602386623132,-73.9340761208798,True,True,True,True,BROOKLYN,Closed,2025,1,January,Wednesday,1,2025-01-01,True,False,0.6986111111111111,0.029108796296296296,False,
63574784,2025-01-01 01:15:52,2025-01-01 03:17:55,NYPD,New York City Police Department,Illegal Parking,Blocked Hydrant,Street/Sidewalk,10473,BRONX,Closed,,2025-01-01 03:17:58,09 BRONX,18,Precinct 43,Bronx,Online,40.812987295091226,-73.86056539972084,True,True,True,True,BRONX,Closed,2025,1,January,Wednesday,1,2025-01-01,True,False,2.0341666666666667,0.08475694444444444,False,
63574785,2025-01-01 00:35:46,2025-01-01 04:04:01,NYPD,New York City Police Department,Illegal Parking,Blocked Hydrant,Street/Sidewalk,11209,BROOKLYN,Closed,,2025-01-01 04:04:04,10 BROOKLYN,47,Precinct 68,Brooklyn,Online,40.62615989130486,-74.02106359551361,True,True,True,True,BROOKLYN,Closed,2025,1,January,Wednesday,0,2025-01-01,True,False,3.470833333333333,0.14461805555555554,False,
63574787,2025-01-01 01:35:53,2025-01-01 02:11:42,NYPD,New York City Police Department,Noise - Commercial,Loud Music/Party,Store/Commercial,10031,NEW YORK,Closed,,2025-01-01 02:11:46,09 MANHATTAN,09,Precinct 26,Manhattan,Mobile,40.822592971648255,-73.94952504515548,True,True,True,True,MANHATTAN,Closed,2025,1,January,Wednesday,1,2025-01-01,True,False,0.5969444444444445,0.02487268518518519,False,
63574799,2025-01-01 01:40:54,2025-01-01 02:07:32,NYPD,New York City Police Department,Noise - Residential,Loud Music/Party,Residential Building/House,11354,FLUSHING,Closed,,2025-01-01 02:07:36,07 QUEENS,20,Precinct 109,Queens,Mobile,40.76300697568702,-73.82170871019045,True,True,True,True,QUEENS,Closed,2025,1,January,Wednesday,1,2025-01-01,True,False,0.4438888888888889,0.01849537037037037,False,
63574834,2025-01-01 01:51:00,2025-01-01 02:22:33,NYPD,New York City Police Department,Noise - Residential,Loud Music/Party,Residential Building/House,11414,HOWARD BEACH,Closed,,2025-01-01 02:22:36,10 QUEENS,32,Precinct 106,Queens,Online,40.669810259278826,-73.85416695524145,True,True,True,True,QUEENS,Closed,2025,1,January,Wednesday,1,2025-01-01,True,False,0.5258333333333334,0.021909722222222223,False,
63574835,2025-01-01 01:28:27,2025-01-01 01:53:01,NYPD,New York City Police Department,Noise - Residential,Loud Music/Party,Residential Building/House,10038,NEW YORK,Closed,,2025-01-01 01:53:05,01 MANHATTAN,01,Precinct 1,Manhattan,Online,40.70836770045829,-74.00673048422725,True,True,True,True,MANHATTAN,Closed,2025,1,January,Wednesday,1,2025-01-01,True,False,0.40944444444444444,0.017060185185185185,False,
63574836,2025-01-01 00:57:39,2025-01-01 02:38:54,NYPD,New York City Police Department,Noise - Residential,Loud Music/Party,Residential Building/House,10468,BRONX,Closed,,2025-01-01 02:38:57,08 BRONX,14,Precinct 50,Bronx,Online,40.872514269918,-73.89993608937225,True,True,True,True,BRONX,Closed,2025,1,January,Wednesday,0,2025-01-01,True,False,1.6875,0.0703125,False,
63574837,2025-01-01 01:06:17,2025-01-02 17:03:45,NYPD,New York City Police Department,Noise - Residential,Loud Music/Party,Residential Building/House,10466,BRONX,Closed,,2025-01-02 17:05:24,12 BRONX,11,Precinct 47,Bronx,Mobile,40.89187241649303,-73.86016845296459,True,True,True,True,BRONX,Closed,2025,1,January,Wednesday,1,2025-01-01,True,False,39.95777777777778,1.6649074074074075,False,
63574844,2025-01-01 00:44:17,2025-01-01 01:57:16,NYPD,New York City Police Department,Noise - Residential,Loud Music/Party,Residential Building/House,10065,NEW YORK,Closed,,2025-01-01 01:57:21,08 MANHATTAN,05,Precinct 19,Manhattan,Online,40.76256476505412,-73.96124475967511,True,True,True,True,MANHATTAN,Closed,2025,1,January,Wednesday,0,2025-01-01,True,False,1.216388888888889,0.05068287037037037,False,
63574857,2025-01-01 01:21:32,2025-01-02 17:03:50,NYPD,New York City Police Department,Noise - Residential,Loud Music/Party,Residential Building/House,10466,BRONX,Closed,,2025-01-02 17:04:53,12 BRONX,11,Precinct 47,Bronx,Mobile,40.89187241649303,-73.86016845296459,True,True,True,True,BRONX,Closed,2025,1,January,Wednesday,1,2025-01-01,True,False,39.705,1.654375,False,
63574869,2025-01-01 01:33:48,2025-01-01 02:08:04,NYPD,New York City Police Department,Noise - Street/Sidewalk,Loud Music/Party,Street/Sidewalk,11229,BROOKLYN,Closed,,2025-01-01 02:08:07,15 BROOKLYN,48,Precinct 61,Brooklyn,Mobile,40.59706010140352,-73.95291473392687,True,True,True,True,BROOKLYN,Closed,2025,1,January,Wednesday,1,2025-01-01,True,False,0.5711111111111111,0.023796296296296298,False,
63574870,2025-01-01 01:37:08,2025-01-01 02:29:47,NYPD,New York City Police Department,Noise - Street/Sidewalk,Loud Music/Party,Street/Sidewalk,10016,NEW YORK,Closed,,2025-01-01 02:29:51,05 MANHATTAN,02,Unspecified,Manhattan,Phone,40.74512463850905,-73.98453227710138,True,True,True,True,MANHATTAN,Closed,2025,1,January,Wednesday,1,2025-01-01,True,False,0.8775,0.0365625,False,
63574876,2025-01-01 01:33:36,2025-01-02 17:05:56,NYPD,New York City Police Department,Noise - Residential,Loud Music/Party,Residential Building/House,10466,BRONX,Closed,,2025-01-02 17:08:02,12 BRONX,11,Precinct 47,Bronx,Mobile,40.89187241649303,-73.86016845296459,True,True,True,True,BRONX,Closed,2025,1,January,Wednesday,1,2025-01-01,True,False,39.53888888888889,1.6474537037037038,False,
63574900,2025-01-01 01:46:44,2025-01-01 04:47:13,NYPD,New York City Police Department,Noise - Residential,Loud Music/Party,Residential Building/House,11432,JAMAICA,Closed,,2025-01-01 04:47:17,08 QUEENS,24,Precinct 107,Queens,Mobile,40.713301186663216,-73.79322951204642,True,True,True,True,QUEENS,Closed,2025,1,January,Wednesday,1,2025-01-01,True,False,3.0080555555555555,0.12533564814814815,False,
63574907,2025-01-01 01:48:31,2025-01-01 02:45:25,NYPD,New York City Police Department,Noise - Residential,Loud Music/Party,Residential Building/House,10040,NEW YORK,Closed,,2025-01-01 02:45:30,12 MANHATTAN,10,Precinct 34,Manhattan,Online,40.85856022185671,-73.92966919428181,True,True,True,True,MANHATTAN,Closed,2025,1,January,Wednesday,1,2025-01-01,True,False,0.9483333333333334,0.03951388888888889,False,
63574908,2025-01-01 01:36:55,2025-01-01 02:02:23,NYPD,New York City Police Department,Noise - Residential,Loud Music/Party,Residential Building/House,10024,NEW YORK,Closed,,2025-01-01 02:02:27,07 MANHATTAN,06,Precinct 24,Manhattan,Online,40.78583742283715,-73.97060563340047,True,True,True,True,MANHATTAN,Closed,2025,1,January,Wednesday,1,2025-01-01,True,False,0.42444444444444446,0.017685185185185186,False,
63574910,2025-01-01 01:45:03,2025-01-01 02:45:58,NYPD,New York City Police Department,Noise - Residential,Loud Music/Party,Residential Building/House,10034,NEW YORK,Closed,,2025-01-01 02:46:02,12 MANHATTAN,10,Precinct 34,Manhattan,Phone,40.86168588709008,-73.92445997027829,True,True,True,True,MANHATTAN,Closed,2025,1,January,Wednesday,1,2025-01-01,True,False,1.0152777777777777,0.04230324074074074,False,
63574911,2025-01-01 01:28:07,2025-01-01 04:20:32,NYPD,New York City Police Department,Noise - Residential,Loud Music/Party,Residential Building/House,11207,BROOKLYN,Closed,,2025-01-01 04:20:38,05 BROOKLYN,37,Precinct 75,Brooklyn,Mobile,40.67784561465136,-73.89288427321912,True,True,True,True,BROOKLYN,Closed,2025,1,January,Wednesday,1,2025-01-01,True,False,2.873611111111111,0.11973379629629628,False,
63574913,2025-01-01 00:56:45,2025-01-02 17:08:19,NYPD,New York City Police Department,Noise - Residential,Loud Music/Party,Residential Building/House,10466,BRONX,Closed,,2025-01-02 17:09:21,12 BRONX,11,Precinct 47,Bronx,Mobile,40.89187241649303,-73.86016845296459,True,True,True,True,BRONX,Closed,2025,1,January,Wednesday,0,2025-01-01,True,False,40.19277777777778,1.6746990740740741,False,
63574915,2025-01-01 00:50:24,2025-01-02 17:08:12,NYPD,New York City Police Department,Noise - Residential,Loud Music/Party,Residential Building/House,10466,BRONX,Closed,,2025-01-02 17:09:54,12 BRONX,11,Precinct 47,Bronx,Mobile,40.89187241649303,-73.86016845296459,True,True,True,True,BRONX,Closed,2025,1,January,Wednesday,0,2025-01-01,True,False,40.29666666666667,1.6790277777777778,False,
63574917,2025-01-01 01:21:48,2025-01-01 02:07:35,NYPD,New York City Police Department,Noise - Residential,Loud Music/Party,Residential Building/House,11226,BROOKLYN,Closed,,2025-01-01 02:07:39,17 BROOKLYN,40,Precinct 67,Brooklyn,Online,40.65254011371671,-73.95184486671171,True,True,True,True,BROOKLYN,Closed,2025,1,January,Wednesday,1,2025-01-01,True,False,0.7630555555555556,0.031793981481481486,False,
63574920,2025-01-01 00:37:03,2025-01-02 17:09:53,NYPD,New York City Police Department,Noise - Residential,Loud Music/Party,Residential Building/House,10466,BRONX,Closed,,2025-01-02 17:13:52,12 BRONX,11,Precinct 47,Bronx,Mobile,40.89187241649303,-73.86016845296459,True,True,True,True,BRONX,Closed,2025,1,January,Wednesday,0,2025-01-01,True,False,40.547222222222224,1.6894675925925926,False,
63574921,2025-01-01 00:14:49,2025-01-02 16:30:18,NYPD,New York City Police Department,Noise - Residential,Loud Music/Party,Residential Building/House,10466,BRONX,Closed,,2025-01-02 16:30:32,12 BRONX,11,Precinct 47,Bronx,Mobile,40.89187241649303,-73.86016845296459,True,True,True,True,BRONX,Closed,2025,1,January,Wednesday,0,2025-01-01,True,False,40.25805555555556,1.6774189814814815,False,
63574925,2025-01-01 01:40:34,2025-01-01 02:16:06,NYPD,New York City Police Department,Noise - Street/Sidewalk,Loud Talking,Street/Sidewalk,11377,WOODSIDE,Closed,,2025-01-01 02:16:12,02 QUEENS,26,Precinct 108,Queens,Online,40.74452531113512,-73.89411595532312,True,True,True,True,QUEENS,Closed,2025,1,January,Wednesday,1,2025-01-01,True,False,0.5922222222222222,0.024675925925925924,False,
63574957,2025-01-01 01:14:24,2025-01-01 04:02:38,NYPD,New York City Police Department,Noise - Residential,Loud Music/Party,Residential Building/House,10039,NEW YORK,Closed,,2025-01-01 04:02:44,10 MANHATTAN,09,Precinct 32,Manhattan,Online,40.82447793690331,-73.93703278577436,True,True,True,True,MANHATTAN,Closed,2025,1,January,Wednesday,1,2025-01-01,True,False,2.803888888888889,0.1168287037037037,False,
63574958,2025-01-01 01:27:53,2025-01-02 17:09:58,NYPD,New York City Police Department,Noise - Residential,Loud Music/Party,Residential Building/House,10466,BRONX,Closed,,2025-01-02 17:14:02,12 BRONX,11,Precinct 47,Bronx,Mobile,40.89187241649303,-73.86016845296459,True,True,True,True,BRONX,Closed,2025,1,January,Wednesday,1,2025-01-01,True,False,39.701388888888886,1.654224537037037,False,
63574959,2025-01-01 00:57:44,2025-01-01 02:15:33,NYPD,New York City Police Department,Noise - Residential,Loud Music/Party,Residential Building/House,10065,NEW YORK,Closed,,2025-01-01 02:15:36,08 MANHATTAN,05,Precinct 19,Manhattan,Phone,40.76197757223058,-73.96179018238468,True,True,True,True,MANHATTAN,Closed,2025,1,January,Wednesday,0,2025-01-01,True,False,1.2969444444444445,0.05403935185185185,False,
63574962,2025-01-01 01:49:09,2025-01-01 02:06:40,NYPD,New York City Police Department,Noise - Street/Sidewalk,Loud Music/Party,Street/Sidewalk,11372,,Closed,,2025-01-01 02:06:44,Unspecified QUEENS,,Precinct 115,Queens,Phone,,,True,True,False,True,QUEENS,Closed,2025,1,January,Wednesday,1,2025-01-01,True,False,0.29194444444444445,0.012164351851851852,False,
63574965,2025-01-01 01:45:14,2025-01-01 01:58:56,NYPD,New York City Police Department,Noise - Street/Sidewalk,Loud Talking,Street/Sidewalk,11232,BROOKLYN,Closed,,2025-01-01 01:59:01,12 BROOKLYN,38,Precinct 66,Brooklyn,Mobile,40.64485929162653,-73.99784152051204,True,True,True,True,BROOKLYN,Closed,2025,1,January,Wednesday,1,2025-01-01,True,False,0.22833333333333333,0.00951388888888889,False,
63575100,2025-01-01 00:39:01,2025-01-01 00:45:42,NYPD,New York City Police Department,Illegal Parking,Double Parked Blocking Vehicle,Street/Sidewalk,11226,,Closed,,2025-01-01 00:45:46,17 BROOKLYN,40,Precinct 67,Brooklyn,Phone,40.64681141934781,-73.95105981782314,True,True,True,True,BROOKLYN,Closed,2025,1,January,Wednesday,0,2025-01-01,True,False,0.11138888888888888,0.004641203703703704,False,
63575124,2025-01-01 00:52:45,2025-01-01 01:03:13,NYPD,New York City Police Department,Illegal Parking,Posted Parking Sign Violation,Street/Sidewalk,11239,BROOKLYN,Closed,,2025-01-01 01:03:16,05 BROOKLYN,42,Precinct 75,Brooklyn,Online,40.6545997128435,-73.87360054813237,True,True,True,True,BROOKLYN,Closed,2025,1,January,Wednesday,0,2025-01-01,True,False,0.17444444444444446,0.007268518518518519,False,
63575136,2025-01-01 01:14:13,2025-01-01 01:34:38,NYPD,New York City Police Department,Illegal Parking,Posted Parking Sign Violation,Street/Sidewalk,11205,BROOKLYN,Closed,,2025-01-01 01:34:40,02 BROOKLYN,35,Precinct 88,Brooklyn,Phone,40.69435337139692,-73.97602994339809,True,True,True,True,BROOKLYN,Closed,2025,1,January,Wednesday,1,2025-01-01,True,False,0.3402777777777778,0.014178240740740741,False,
63575150,2025-01-01 01:28:24,2025-01-01 01:44:55,NYPD,New York City Police Department,Illegal Parking,Blocked Hydrant,Street/Sidewalk,11420,SOUTH OZONE PARK,Closed,,2025-01-01 01:45:01,10 QUEENS,28,Precinct 106,Queens,Mobile,40.68457391482604,-73.81216880671737,True,True,True,True,QUEENS,Closed,2025,1,January,Wednesday,1,2025-01-01,True,False,0.2752777777777778,0.011469907407407408,False,
63575227,2025-01-01 00:24:47,2025-01-01 00:43:11,NYPD,New York City Police Department,Illegal Fireworks,N/A,Store/Commercial,11358,FLUSHING,Closed,,2025-01-01 00:43:16,11 QUEENS,19,Precinct 111,Queens,Phone,40.76459446088673,-73.79278869323916,True,True,True,True,QUEENS,Closed,2025,1,January,Wednesday,0,2025-01-01,True,False,0.30666666666666664,0.012777777777777777,False,
63575321,2025-01-01 02:27:33,2025-01-02 12:40:00,DOT,Department of Transportation,Street Condition,Pothole,,11219,BROOKLYN,Closed,,2025-01-02 12:40:00,12 BROOKLYN,,Precinct 66,Brooklyn,Unknown,,,True,True,False,True,BROOKLYN,Closed,2025,1,January,Wednesday,2,2025-01-01,True,False,34.2075,1.4253125000000002,False,
63575331,2025-01-01 00:08:11,2025-02-12 22:19:14,DOHMH,Department of Health and Mental Hygiene,Smoking or Vaping,Allowed in Smoke Free Area,Other,10471,BRONX,Closed,,2025-02-12 22:19:18,08 BRONX,11,Precinct 50,Bronx,Phone,40.89925607022692,-73.89715755990375,True,True,True,True,BRONX,Closed,2025,1,January,Wednesday,0,2025-01-01,True,False,1030.1841666666667,42.92434027777778,False,
63575333,2025-01-01 01:01:23,2025-01-01 02:57:18,NYPD,New York City Police Department,Illegal Fireworks,N/A,Park/Playground,11201,BROOKLYN,Closed,,2025-01-01 02:57:22,02 BROOKLYN,35,Precinct 84,Brooklyn,Online,40.70030486135332,-73.98044212114422,True,True,True,True,BROOKLYN,Closed,2025,1,January,Wednesday,1,2025-01-01,True,False,1.9319444444444445,0.08049768518518519,False,
63575342,2025-01-01 00:56:52,2025-01-01 01:01:57,NYPD,New York City Police Department,Abandoned Vehicle,With License Plate,Street/Sidewalk,11239,BROOKLYN,Closed,,2025-01-01 01:02:00,05 BROOKLYN,42,Precinct 75,Brooklyn,Online,40.655078823851085,-73.87248959993701,True,True,True,True,BROOKLYN,Closed,2025,1,January,Wednesday,0,2025-01-01,True,False,0.08472222222222223,0.003530092592592593,False,
63575343,2025-01-01 00:21:06,2025-01-01 04:05:24,NYPD,New York City Police Department,Blocked Driveway,No Access,Street/Sidewalk,11421,WOODHAVEN,Closed,,2025-01-01 04:05:28,09 QUEENS,32,Precinct 102,Queens,Phone,40.68949789508272,-73.8648766560226,True,True,True,True,QUEENS,Closed,2025,1,January,Wednesday,0,2025-01-01,True,False,3.7383333333333333,0.1557638888888889,False,
63575361,2025-01-01 01:26:59,2025-01-01 01:26:59,DOHMH,Department of Health and Mental Hygiene,Rodent,Rat Sighting,Parking Lot/Garage,10457,BRONX,Closed,,2025-01-03 13:07:25,03 BRONX,16,Precinct 42,Bronx,Mobile,40.84052162283666,-73.89948546889276,True,True,True,True,BRONX,Closed,2025,1,January,Wednesday,1,2025-01-01,True,False,0.0,0.0,False,
63575376,2025-01-01 01:23:51,2025-01-01 04:38:03,NYPD,New York City Police Department,Blocked Driveway,No Access,Street/Sidewalk,11207,BROOKLYN,Closed,,2025-01-01 04:38:07,05 BROOKLYN,37,Precinct 75,Brooklyn,Phone,40.67961711979871,-73.89115806932413,True,True,True,True,BROOKLYN,Closed,2025,1,January,Wednesday,1,2025-01-01,True,False,3.236666666666667,0.13486111111111113,False,
63575377,2025-01-01 01:19:10,2025-01-01 08:11:38,NYPD,New York City Police Department,Blocked Driveway,No Access,Street/Sidewalk,10019,NEW YORK,Closed,,2025-01-01 08:11:43,04 MANHATTAN,03,Precinct 18,Manhattan,Phone,40.76464064471156,-73.99365731395086,True,True,True,True,MANHATTAN,Closed,2025,1,January,Wednesday,1,2025-01-01,True,False,6.874444444444444,0.2864351851851852,False,
63575399,2025-01-01 00:07:48,2025-01-01 01:07:34,NYPD,New York City Police Department,Blocked Driveway,No Access,Street/Sidewalk,10312,STATEN ISLAND,Closed,,2025-01-01 01:07:38,03 STATEN ISLAND,51,Precinct 123,Staten Island,Phone,40.542613580200246,-74.17161192081386,True,True,True,True,STATEN ISLAND,Closed,2025,1,January,Wednesday,0,2025-01-01,True,False,0.9961111111111111,0.04150462962962963,False,
63575424,2025-01-01 01:46:20,2025-01-01 02:46:54,NYPD,New York City Police Department,Blocked Driveway,No Access,Street/Sidewalk,10305,STATEN ISLAND,Closed,,2025-01-01 02:46:56,01 STATEN ISLAND,49,Precinct 120,Staten Island,Online,40.614160851225954,-74.06289849128714,True,True,True,True,STATEN ISLAND,Closed,2025,1,January,Wednesday,1,2025-01-01,True,False,1.0094444444444444,0.04206018518518518,False,
63575454,2025-01-01 00:55:52,2025-01-01 01:01:10,NYPD,New York City Police Department,Abandoned Vehicle,With License Plate,Street/Sidewalk,11239,BROOKLYN,Closed,,2025-01-01 01:01:15,05 BROOKLYN,42,Precinct 75,Brooklyn,Online,40.65475302381683,-73.87323985668276,True,True,True,True,BROOKLYN,Closed,2025,1,January,Wednesday,0,2025-01-01,True,False,0.08833333333333333,0.0036805555555555554,False,
63575455,2025-01-01 01:18:31,2025-01-01 02:21:12,NYPD,New York City Police Department,Blocked Driveway,No Access,Street/Sidewalk,11362,LITTLE NECK,Closed,,2025-01-01 02:21:16,11 QUEENS,23,Precinct 111,Queens,Mobile,40.7524489096446,-73.74121342102855,True,True,True,True,QUEENS,Closed,2025,1,January,Wednesday,1,2025-01-01,True,False,1.0447222222222223,0.0435300925925926,False,
63575524,2025-01-01 01:18:56,2025-01-01 01:38:44,NYPD,New York City Police Department,Illegal Fireworks,N/A,Street/Sidewalk,11201,BROOKLYN,Closed,,2025-01-01 01:38:46,02 BROOKLYN,35,Precinct 84,Brooklyn,Online,40.69972580870788,-73.98099768235546,True,True,True,True,BROOKLYN,Closed,2025,1,January,Wednesday,1,2025-01-01,True,False,0.33,0.01375,False,
63575532,2025-01-01 00:54:05,2025-01-01 01:33:50,NYPD,New York City Police Department,Noise - Commercial,Car/Truck Music,Store/Commercial,10455,BRONX,Closed,,2025-01-01 01:33:54,02 BRONX,17,Precinct 41,Bronx,Mobile,40.81410933863884,-73.89962651344446,True,True,True,True,BRONX,Closed,2025,1,January,Wednesday,0,2025-01-01,True,False,0.6625,0.027604166666666666,False,
63575540,2025-01-01 01:01:14,2025-01-01 01:27:09,NYPD,New York City Police Department,Noise - Commercial,Loud Music/Party,Store/Commercial,11215,BROOKLYN,Closed,,2025-01-01 01:27:13,06 BROOKLYN,39,Precinct 78,Brooklyn,Mobile,40.67276765973392,-73.98848569558186,True,True,True,True,BROOKLYN,Closed,2025,1,January,Wednesday,1,2025-01-01,True,False,0.43194444444444446,0.017997685185185186,False,
63575566,2025-01-01 00:20:21,2025-01-01 00:50:02,NYPD,New York City Police Department,Illegal Fireworks,N/A,Park/Playground,11369,EAST ELMHURST,Closed,,2025-01-01 00:50:06,03 QUEENS,21,Precinct 115,Queens,Phone,40.76547266339991,-73.87193529969244,True,True,True,True,QUEENS,Closed,2025,1,January,Wednesday,0,2025-01-01,True,False,0.49472222222222223,0.020613425925925927,False,
63575567,2025-01-01 00:09:09,2025-01-01 00:41:35,NYPD,New York City Police Department,Illegal Fireworks,N/A,Residential Building/House,10302,STATEN ISLAND,Closed,,2025-01-01 00:41:39,01 STATEN ISLAND,49,Precinct 121,Staten Island,Online,40.62908066229812,-74.1319568027176,True,True,True,True,STATEN ISLAND,Closed,2025,1,January,Wednesday,0,2025-01-01,True,False,0.5405555555555556,0.02252314814814815,False,
63575576,2025-01-01 01:17:13,2025-01-01 01:37:57,NYPD,New York City Police Department,Noise - Residential,Banging/Pounding,Residential Building/House,11225,BROOKLYN,Closed,,2025-01-01 01:38:00,09 BROOKLYN,35,Precinct 71,Brooklyn,Online,40.66466637644593,-73.95142159005617,True,True,True,True,BROOKLYN,Closed,2025,1,January,Wednesday,1,2025-01-01,True,False,0.34555555555555556,0.014398148148148148,False,
63575579,2025-01-01 00:28:09,2025-01-01 00:29:08,NYPD,New York City Police Department,Illegal Fireworks,N/A,Residential Building/House,11219,BROOKLYN,Closed,,2025-01-01 00:29:10,12 BROOKLYN,38,Precinct 66,Brooklyn,Online,40.64067351456537,-73.99994234807112,True,True,True,True,BROOKLYN,Closed,2025,1,January,Wednesday,0,2025-01-01,True,False,0.01638888888888889,0.0006828703703703705,False,
63575580,2025-01-01 00:23:11,2025-01-01 00:44:56,NYPD,New York City Police Department,Illegal Fireworks,N/A,Residential Building/House,10306,STATEN ISLAND,Closed,,2025-01-01 00:45:01,02 STATEN ISLAND,50,Precinct 122,Staten Island,Online,40.56123551644711,-74.10138635492297,True,True,True,True,STATEN ISLAND,Closed,2025,1,January,Wednesday,0,2025-01-01,True,False,0.3625,0.015104166666666667,False,
63575581,2025-01-01 00:14:55,2025-01-01 00:51:53,NYPD,New York City Police Department,Illegal Fireworks,N/A,Street/Sidewalk,11237,BROOKLYN,Closed,,2025-01-01 00:51:55,04 BROOKLYN,37,Precinct 83,Brooklyn,Online,40.692247338474345,-73.90528753338945,True,True,True,True,BROOKLYN,Closed,2025,1,January,Wednesday,0,2025-01-01,True,False,0.6161111111111112,0.0256712962962963,False,
63575583,2025-01-01 00:48:05,2025-01-01 00:48:57,NYPD,New York City Police Department,Illegal Fireworks,N/A,Street/Sidewalk,11230,BROOKLYN,Closed,,2025-01-01 00:49:00,12 BROOKLYN,44,Precinct 66,Brooklyn,Phone,40.61663960575403,-73.97254595031166,True,True,True,True,BROOKLYN,Closed,2025,1,January,Wednesday,0,2025-01-01,True,False,0.014444444444444444,0.0006018518518518518,False,
63575584,2025-01-01 00:09:14,2025-01-01 00:54:11,NYPD,New York City Police Department,Illegal Fireworks,N/A,Street/Sidewalk,11103,ASTORIA,Closed,,2025-01-01 00:54:14,01 QUEENS,22,Precinct 114,Queens,Phone,40.76015096706085,-73.91361243295106,True,True,True,True,QUEENS,Closed,2025,1,January,Wednesday,0,2025-01-01,True,False,0.7491666666666666,0.031215277777777776,False,
63575585,2025-01-01 00:14:38,2025-01-01 00:35:30,NYPD,New York City Police Department,Illegal Fireworks,N/A,Street/Sidewalk,11237,BROOKLYN,Closed,,2025-01-01 00:35:34,04 BROOKLYN,37,Precinct 83,Brooklyn,Online,40.69925567409549,-73.91718234830644,True,True,True,True,BROOKLYN,Closed,2025,1,January,Wednesday,0,2025-01-01,True,False,0.3477777777777778,0.014490740740740742,False,
63575586,2025-01-01 00:55:08,2025-01-01 01:38:52,NYPD,New York City Police Department,Noise - Commercial,Banging/Pounding,Club/Bar/Restaurant,11694,FAR ROCKAWAY,Closed,,2025-01-01 01:38:55,14 QUEENS,32,Precinct 100,Queens,Online,40.57914008423314,-73.83680446662237,True,True,True,True,QUEENS,Closed,2025,1,January,Wednesday,0,2025-01-01,True,False,0.7288888888888889,0.03037037037037037,False,
63575591,2025-01-01 00:54:32,2025-01-01 01:29:53,NYPD,New York City Police Department,Noise - Residential,Loud Music/Party,Residential Building/House,11234,BROOKLYN,Closed,,2025-01-01 01:29:55,18 BROOKLYN,46,Precinct 63,Brooklyn,Phone,40.60732567569181,-73.91481139010634,True,True,True,True,BROOKLYN,Closed,2025,1,January,Wednesday,0,2025-01-01,True,False,0.5891666666666666,0.024548611111111108,False,
63575609,2025-01-01 00:15:07,2025-01-01 00:40:32,NYPD,New York City Police Department,Illegal Fireworks,N/A,Park/Playground,11105,ASTORIA,Closed,,2025-01-01 00:40:34,01 QUEENS,22,Precinct 114,Queens,Online,40.78148649481116,-73.91827887974308,True,True,True,True,QUEENS,Closed,2025,1,January,Wednesday,0,2025-01-01,True,False,0.4236111111111111,0.01765046296296296,False,
63575610,2025-01-01 00:14:36,2025-01-01 01:24:37,NYPD,New York City Police Department,Illegal Fireworks,N/A,Residential Building/House,10301,STATEN ISLAND,Closed,,2025-01-01 01:24:39,01 STATEN ISLAND,49,Precinct 120,Staten Island,Online,40.62776414882116,-74.10427939619241,True,True,True,True,STATEN ISLAND,Closed,2025,1,January,Wednesday,0,2025-01-01,True,False,1.1669444444444443,0.04862268518518518,False,
63575611,2025-01-01 00:45:35,2025-01-01 01:49:47,NYPD,New York City Police Department,Illegal Fireworks,N/A,Residential Building/House,11209,BROOKLYN,Closed,,2025-01-01 01:49:50,10 BROOKLYN,47,Precinct 68,Brooklyn,Online,40.62357107616581,-74.02352676703748,True,True,True,True,BROOKLYN,Closed,2025,1,January,Wednesday,0,2025-01-01,True,False,1.07,0.044583333333333336,False,
63575612,2025-01-01 00:00:19,2025-01-01 00:43:08,NYPD,New York City Police Department,Illegal Fireworks,N/A,Street/Sidewalk,11230,BROOKLYN,Closed,,2025-01-01 00:43:12,14 BROOKLYN,45,Precinct 70,Brooklyn,Online,40.62923998368745,-73.96879043074365,True,True,True,True,BROOKLYN,Closed,2025,1,January,Wednesday,0,2025-01-01,True,False,0.7136111111111111,0.029733796296296296,False,
63575617,2025-01-01 00:46:46,2025-01-01 01:28:23,NYPD,New York City Police Department,Noise - Commercial,Loud Music/Party,Store/Commercial,11249,BROOKLYN,Closed,,2025-01-01 01:28:25,01 BROOKLYN,34,Precinct 90,Brooklyn,Mobile,40.712273147769785,-73.96272045437884,True,True,True,True,BROOKLYN,Closed,2025,1,January,Wednesday,0,2025-01-01,True,False,0.6936111111111111,0.02890046296296296,False,
63575629,2025-01-01 01:26:50,2025-01-01 01:31:24,NYPD,New York City Police Department,Illegal Fireworks,N/A,Street/Sidewalk,11235,,Closed,,2025-01-01 01:31:30,15 BROOKLYN,48,Precinct 61,Brooklyn,Online,40.58345031724941,-73.95038621727508,True,True,True,True,BROOKLYN,Closed,2025,1,January,Wednesday,1,2025-01-01,True,False,0.07611111111111112,0.0031712962962962966,False,
63575630,2025-01-01 00:18:01,2025-01-01 00:41:24,NYPD,New York City Police Department,Illegal Fireworks,N/A,Street/Sidewalk,11372,JACKSON HEIGHTS,Closed,,2025-01-01 00:41:27,03 QUEENS,25,Precinct 115,Queens,Online,40.754442992557145,-73.87835236707805,True,True,True,True,QUEENS,Closed,2025,1,January,Wednesday,0,2025-01-01,True,False,0.38972222222222225,0.016238425925925927,False,
63575632,2025-01-01 00:23:06,2025-01-01 01:21:40,NYPD,New York City Police Department,Illegal Fireworks,N/A,Street/Sidewalk,11377,WOODSIDE,Closed,,2025-01-01 01:21:43,02 QUEENS,26,Precinct 108,Queens,Phone,40.73991208408455,-73.9043284492515,True,True,True,True,QUEENS,Closed,2025,1,January,Wednesday,0,2025-01-01,True,False,0.9761111111111112,0.040671296296296296,False,
63575639,2025-01-01 01:05:14,2025-01-01 01:19:07,NYPD,New York City Police Department,Noise - Commercial,Loud Music/Party,Store/Commercial,11103,ASTORIA,Closed,,2025-01-01 01:19:10,01 QUEENS,22,Precinct 114,Queens,Mobile,40.76494046458546,-73.91724146058725,True,True,True,True,QUEENS,Closed,2025,1,January,Wednesday,1,2025-01-01,True,False,0.2313888888888889,0.009641203703703704,False,
63575643,2025-01-01 00:41:18,2025-01-01 01:20:04,NYPD,New York City Police Department,Noise - Commercial,Loud Music/Party,Store/Commercial,11103,ASTORIA,Closed,,2025-01-01 01:20:06,01 QUEENS,22,Precinct 114,Queens,Mobile,40.76494596184528,-73.91725228366758,True,True,True,True,QUEENS,Closed,2025,1,January,Wednesday,0,2025-01-01,True,False,0.6461111111111111,0.026921296296296294,False,
63575653,2025-01-01 00:16:37,2025-01-01 00:27:03,NYPD,New York City Police Department,Illegal Fireworks,N/A,Residential Building/House,11204,BROOKLYN,Closed,,2025-01-01 00:27:06,12 BROOKLYN,44,Precinct 66,Brooklyn,Online,40.619367405920514,-73.9844101309969,True,True,True,True,BROOKLYN,Closed,2025,1,January,Wednesday,0,2025-01-01,True,False,0.1738888888888889,0.007245370370370371,False,
63575654,2025-01-01 00:14:38,2025-01-01 01:22:05,NYPD,New York City Police Department,Illegal Fireworks,N/A,Residential Building/House,11209,,Closed,,2025-01-01 01:22:08,10 BROOKLYN,47,Precinct 68,Brooklyn,Phone,40.6300229814152,-74.02838183889268,True,True,True,True,BROOKLYN,Closed,2025,1,January,Wednesday,0,2025-01-01,True,False,1.1241666666666668,0.04684027777777778,False,
63575659,2025-01-01 00:55:19,2025-01-01 01:24:46,NYPD,New York City Police Department,Noise - Commercial,Loud Talking,Store/Commercial,11103,ASTORIA,Closed,,2025-01-01 01:24:49,01 QUEENS,22,Precinct 114,Queens,Mobile,40.76494046458546,-73.91724146058725,True,True,True,True,QUEENS,Closed,2025,1,January,Wednesday,0,2025-01-01,True,False,0.49083333333333334,0.02045138888888889,False,
63575668,2025-01-01 00:53:54,2025-01-01 00:55:27,NYPD,New York City Police Department,Noise - Residential,Banging/Pounding,Residential Building/House,11357,WHITESTONE,Closed,,2025-01-01 00:55:29,07 QUEENS,19,Precinct 109,Queens,Online,40.79144550288266,-73.81151698141707,True,True,True,True,QUEENS,Closed,2025,1,January,Wednesday,0,2025-01-01,True,False,0.025833333333333333,0.0010763888888888889,False,
63575669,2025-01-01 00:44:02,2025-01-01 00:55:52,NYPD,New York City Police Department,Noise - Residential,Banging/Pounding,Residential Building/House,11357,WHITESTONE,Closed,,2025-01-01 00:55:54,07 QUEENS,19,Precinct 109,Queens,Online,40.79144550288266,-73.81151698141707,True,True,True,True,QUEENS,Closed,2025,1,January,Wednesday,0,2025-01-01,True,False,0.19722222222222222,0.008217592592592592,False,
63575671,2025-01-01 01:00:16,2025-01-01 01:17:26,NYPD,New York City Police Department,Noise - Residential,Banging/Pounding,Residential Building/House,11204,BROOKLYN,Closed,,2025-01-01 01:17:29,11 BROOKLYN,43,Precinct 62,Brooklyn,Online,40.619596041972486,-73.99259046435932,True,True,True,True,BROOKLYN,Closed,2025,1,January,Wednesday,1,2025-01-01,True,False,0.2861111111111111,0.011921296296296296,False,
63575672,2025-01-01 00:16:47,2025-01-01 00:47:12,NYPD,New York City Police Department,Illegal Fireworks,N/A,Residential Building/House,11374,REGO PARK,Closed,,2025-01-01 00:47:15,06 QUEENS,30,Precinct 112,Queens,Phone,40.72390116774702,-73.86057501112727,True,True,True,True,QUEENS,Closed,2025,1,January,Wednesday,0,2025-01-01,True,False,0.5069444444444444,0.021122685185185185,False,
63575681,2025-01-01 00:23:41,2025-01-01 01:18:04,NYPD,New York City Police Department,Illegal Fireworks,N/A,Residential Building/House,11223,BROOKLYN,Closed,,2025-01-01 01:18:06,11 BROOKLYN,44,Precinct 62,Brooklyn,Online,40.60631718400022,-73.97588868499359,True,True,True,True,BROOKLYN,Closed,2025,1,January,Wednesday,0,2025-01-01,True,False,0.9063888888888889,0.037766203703703705,False,
63575683,2025-01-01 00:46:37,2025-01-01 00:47:39,NYPD,New York City Police Department,Illegal Fireworks,N/A,Street/Sidewalk,11230,BROOKLYN,Closed,,2025-01-01 00:47:45,12 BROOKLYN,44,Precinct 66,Brooklyn,Online,40.61659578047228,-73.97293137656023,True,True,True,True,BROOKLYN,Closed,2025,1,January,Wednesday,0,2025-01-01,True,False,0.017222222222222222,0.0007175925925925926,False,
63575685,2025-01-01 01:17:04,2025-01-01 01:31:42,NYPD,New York City Police Department,Illegal Fireworks,N/A,Street/Sidewalk,11235,,Closed,,2025-01-01 01:31:45,15 BROOKLYN,48,Precinct 61,Brooklyn,Online,40.58345031724941,-73.95038621727508,True,True,True,True,BROOKLYN,Closed,2025,1,January,Wednesday,1,2025-01-01,True,False,0.24388888888888888,0.010162037037037037,False,
63575686,2025-01-01 00:17:04,2025-01-01 00:46:11,NYPD,New York City Police Department,Illegal Fireworks,N/A,Street/Sidewalk,11222,BROOKLYN,Closed,,2025-01-01 00:46:14,01 BROOKLYN,33,Precinct 94,Brooklyn,Online,40.72467798481645,-73.94528068363508,True,True,True,True,BROOKLYN,Closed,2025,1,January,Wednesday,0,2025-01-01,True,False,0.48527777777777775,0.020219907407407405,False,
63575694,2025-01-01 01:18:11,2025-01-01 01:31:04,NYPD,New York City Police Department,Noise - Residential,Loud Music/Party,Residential Building/House,11103,ASTORIA,Closed,,2025-01-01 01:31:06,01 QUEENS,22,Precinct 114,Queens,Online,40.7649349673246,-73.91723063750871,True,True,True,True,QUEENS,Closed,2025,1,January,Wednesday,1,2025-01-01,True,False,0.21472222222222223,0.00894675925925926,False,
63575730,2025-01-01 00:32:29,2025-01-01 01:11:44,NYPD,New York City Police Department,Noise - Residential,Banging/Pounding,Residential Building/House,10467,BRONX,Closed,,2025-01-01 01:11:46,11 BRONX,15,Precinct 49,Bronx,Mobile,40.85978007721409,-73.87076677461823,True,True,True,True,BRONX,Closed,2025,1,January,Wednesday,0,2025-01-01,True,False,0.6541666666666667,0.027256944444444445,False,
63575747,2025-01-01 00:55:22,2025-01-01 01:05:10,NYPD,New York City Police Department,Noise - Residential,Banging/Pounding,Residential Building/House,10467,BRONX,Closed,,2025-01-01 01:05:12,11 BRONX,15,Precinct 49,Bronx,Mobile,40.86366393876161,-73.8684345690263,True,True,True,True,BRONX,Closed,2025,1,January,Wednesday,0,2025-01-01,True,False,0.16333333333333333,0.006805555555555555,False,
63575749,2025-01-01 01:39:44,,DHS,Department of Homeless Services,Homeless Person Assistance,,Subway,,,Closed,,2025-01-01 11:15:10,Unspecified MANHATTAN,,Unspecified,Manhattan,Mobile,40.76462760155945,-73.96611338433898,True,True,True,True,MANHATTAN,Closed,2025,1,January,Wednesday,1,2025-01-01,False,False,,,False,
63575775,2025-01-01 01:17:14,2025-01-01 01:51:14,NYPD,New York City Police Department,Noise - Residential,Loud Music/Party,Residential Building/House,10468,BRONX,Closed,,2025-01-01 01:51:16,07 BRONX,14,Precinct 52,Bronx,Online,40.86825447506815,-73.89678971409963,True,True,True,True,BRONX,Closed,2025,1,January,Wednesday,1,2025-01-01,True,False,0.5666666666666667,0.02361111111111111,False,
63575778,2025-01-01 01:20:43,2025-01-01 01:31:24,NYPD,New York City Police Department,Noise - Residential,Loud Music/Party,Residential Building/House,11420,SOUTH OZONE PARK,Closed,,2025-01-01 01:31:30,10 QUEENS,28,Precinct 106,Queens,Online,40.66640666404201,-73.83198422386607,True,True,True,True,QUEENS,Closed,2025,1,January,Wednesday,1,2025-01-01,True,False,0.17805555555555555,0.007418981481481481,False,
63575783,2025-01-01 01:04:20,2025-01-01 01:10:16,NYPD,New York City Police Department,Noise - Residential,Loud Music/Party,Residential Building/House,11385,RIDGEWOOD,Closed,,2025-01-01 01:10:20,05 QUEENS,34,Precinct 104,Queens,Mobile,40.708215762425866,-73.91882678252098,True,True,True,True,QUEENS,Closed,2025,1,January,Wednesday,1,2025-01-01,True,False,0.09888888888888889,0.004120370370370371,False,
63575791,2025-01-01 01:10:13,2025-01-01 01:41:20,NYPD,New York City Police Department,Noise - Residential,Loud Music/Party,Residential Building/House,10473,BRONX,Closed,,2025-01-01 01:41:24,09 BRONX,18,Precinct 43,Bronx,Mobile,40.81869187096104,-73.85044458325993,True,True,True,True,BRONX,Closed,2025,1,January,Wednesday,1,2025-01-01,True,False,0.5186111111111111,0.021608796296296296,False,
63575817,2025-01-01 01:17:17,2025-01-01 01:34:48,NYPD,New York City Police Department,Noise - Residential,Loud Music/Party,Residential Building/House,11214,BROOKLYN,Closed,,2025-01-01 01:34:51,13 BROOKLYN,47,Precinct 60,Brooklyn,Online,40.58975418598633,-73.98757468120066,True,True,True,True,BROOKLYN,Closed,2025,1,January,Wednesday,1,2025-01-01,True,False,0.29194444444444445,0.012164351851851852,False,
63575834,2025-01-01 01:12:17,2025-01-01 01:30:29,NYPD,New York City Police Department,Noise - Street/Sidewalk,Loud Music/Party,Street/Sidewalk,11420,SOUTH OZONE PARK,Closed,,2025-01-01 01:30:30,10 QUEENS,28,Precinct 106,Queens,Online,40.66640666404201,-73.83198422386607,True,True,True,True,QUEENS,Closed,2025,1,January,Wednesday,1,2025-01-01,True,False,0.30333333333333334,0.012638888888888889,False,
63575836,2025-01-01 00:10:45,2025-01-01 00:50:34,NYPD,New York City Police Department,Noise - Street/Sidewalk,Loud Music/Party,Street/Sidewalk,11208,BROOKLYN,Closed,,2025-01-01 00:50:36,05 BROOKLYN,42,Precinct 75,Brooklyn,Online,40.67258303899206,-73.87316270957298,True,True,True,True,BROOKLYN,Closed,2025,1,January,Wednesday,0,2025-01-01,True,False,0.6636111111111112,0.027650462962962963,False,
63575838,2025-01-01 01:39:58,2025-01-01 01:40:53,NYPD,New York City Police Department,Noise - Street/Sidewalk,Loud Music/Party,Street/Sidewalk,11385,RIDGEWOOD,Closed,,2025-01-01 01:40:59,05 QUEENS,34,Precinct 104,Queens,Mobile,40.69999548800629,-73.8984567212964,True,True,True,True,QUEENS,Closed,2025,1,January,Wednesday,1,2025-01-01,True,False,0.015277777777777777,0.000636574074074074,False,
63575839,2025-01-01 00:42:55,2025-01-01 01:19:26,NYPD,New York City Police Department,Noise - Street/Sidewalk,Loud Music/Party,Street/Sidewalk,10309,STATEN ISLAND,Closed,,2025-01-01 01:19:29,03 STATEN ISLAND,51,Precinct 123,Staten Island,Mobile,40.53558716680902,-74.22258970362917,True,True,True,True,STATEN ISLAND,Closed,2025,1,January,Wednesday,0,2025-01-01,True,False,0.6086111111111111,0.025358796296296296,False,
63575843,2025-01-01 00:57:05,2025-01-01 01:42:12,NYPD,New York City Police Department,Noise - Residential,Loud Music/Party,Residential Building/House,11420,SOUTH OZONE PARK,Closed,,2025-01-01 01:42:15,10 QUEENS,28,Precinct 106,Queens,Phone,40.68525072791517,-73.81146740171991,True,True,True,True,QUEENS,Closed,2025,1,January,Wednesday,0,2025-01-01,True,False,0.7519444444444444,0.031331018518518515,False,
63575893,2025-01-01 00:47:06,2025-01-01 01:28:55,NYPD,New York City Police Department,Noise - Residential,Loud Music/Party,Residential Building/House,11106,ASTORIA,Closed,,2025-01-01 01:28:59,01 QUEENS,22,Precinct 114,Queens,Online,40.75772130163152,-73.92884078692437,True,True,True,True,QUEENS,Closed,2025,1,January,Wednesday,0,2025-01-01,True,False,0.6969444444444445,0.029039351851851854,False,
63575909,2025-01-01 00:45:24,2025-01-01 01:00:13,NYPD,New York City Police Department,Noise - Residential,Loud Music/Party,Residential Building/House,10456,BRONX,Closed,,2025-01-01 01:00:16,03 BRONX,16,Precinct 42,Bronx,Online,40.83694066292417,-73.90374441298103,True,True,True,True,BRONX,Closed,2025,1,January,Wednesday,0,2025-01-01,True,False,0.24694444444444444,0.010289351851851852,False,
63575910,2025-01-01 00:49:12,2025-01-01 00:57:58,NYPD,New York City Police Department,Noise - Residential,Loud Music/Party,Residential Building/House,10004,NEW YORK,Closed,,2025-01-01 00:58:00,01 MANHATTAN,01,Precinct 1,Manhattan,Online,40.70405542501853,-74.01015278003295,True,True,True,True,MANHATTAN,Closed,2025,1,January,Wednesday,0,2025-01-01,True,False,0.1461111111111111,0.0060879629629629626,False,
63575928,2025-01-01 00:44:49,2025-01-01 01:05:41,NYPD,New York City Police Department,Noise - Residential,Loud Music/Party,Residential Building/House,10467,BRONX,Closed,,2025-01-01 01:05:45,11 BRONX,15,Precinct 49,Bronx,Mobile,40.86366393876161,-73.8684345690263,True,True,True,True,BRONX,Closed,2025,1,January,Wednesday,0,2025-01-01,True,False,0.3477777777777778,0.014490740740740742,False,
63575931,2025-01-01 01:04:38,2025-01-01 01:44:18,NYPD,New York City Police Department,Noise - Residential,Loud Talking,Residential Building/House,11355,FLUSHING,Closed,,2025-01-01 01:44:21,07 QUEENS,20,Precinct 109,Queens,Online,40.7418317445188,-73.81853556777003,True,True,True,True,QUEENS,Closed,2025,1,January,Wednesday,1,2025-01-01,True,False,0.6611111111111111,0.027546296296296294,False,
63575942,2025-01-01 00:11:14,2025-01-01 00:45:33,NYPD,New York City Police Department,Noise - Street/Sidewalk,Loud Music/Party,Street/Sidewalk,11226,BROOKLYN,Closed,,2025-01-01 00:45:35,14 BROOKLYN,45,Precinct 70,Brooklyn,Mobile,40.638795479326966,-73.95492106160785,True,True,True,True,BROOKLYN,Closed,2025,1,January,Wednesday,0,2025-01-01,True,False,0.5719444444444445,0.02383101851851852,False,
63575947,2025-01-01 00:00:50,2025-01-01 01:46:05,NYPD,New York City Police Department,Noise - Residential,Loud Music/Party,Residential Building/House,11234,BROOKLYN,Closed,,2025-01-01 01:46:09,18 BROOKLYN,45,Precinct 63,Brooklyn,Phone,40.631286766133385,-73.92527918930374,True,True,True,True,BROOKLYN,Closed,2025,1,January,Wednesday,0,2025-01-01,True,False,1.7541666666666667,0.07309027777777778,False,
63575958,2025-01-01 00:12:12,2025-01-01 00:22:11,NYPD,New York City Police Department,Noise - Street/Sidewalk,Loud Music/Party,Street/Sidewalk,10029,NEW YORK,Closed,,2025-01-01 00:22:14,11 MANHATTAN,08,Precinct 23,Manhattan,Mobile,40.794216328900525,-73.93517256429101,True,True,True,True,MANHATTAN,Closed,2025,1,January,Wednesday,0,2025-01-01,True,False,0.1663888888888889,0.0069328703703703705,False,
63575980,2025-01-01 00:50:22,2025-01-01 01:16:10,NYPD,New York City Police Department,Noise - Street/Sidewalk,Loud Music/Party,Street/Sidewalk,11249,BROOKLYN,Closed,,2025-01-01 01:16:12,01 BROOKLYN,34,Precinct 90,Brooklyn,Mobile,40.7155145979716,-73.96237234137112,True,True,True,True,BROOKLYN,Closed,2025,1,January,Wednesday,0,2025-01-01,True,False,0.43,0.017916666666666668,False,
63575981,2025-01-01 00:45:29,2025-01-01 00:52:35,NYPD,New York City Police Department,Noise - Street/Sidewalk,Loud Music/Party,Street/Sidewalk,10031,NEW YORK,Closed,,2025-01-01 00:52:37,09 MANHATTAN,07,Precinct 30,Manhattan,Mobile,40.82951993249184,-73.94218444036044,True,True,True,True,MANHATTAN,Closed,2025,1,January,Wednesday,0,2025-01-01,True,False,0.11833333333333333,0.004930555555555555,False,
63575982,2025-01-01 01:08:49,2025-01-01 01:24:00,NYPD,New York City Police Department,Noise - Street/Sidewalk,Loud Music/Party,Street/Sidewalk,11206,BROOKLYN,Closed,,2025-01-01 01:24:03,04 BROOKLYN,34,Precinct 83,Brooklyn,Online,40.69933436742159,-73.93748637968389,True,True,True,True,BROOKLYN,Closed,2025,1,January,Wednesday,1,2025-01-01,True,False,0.25305555555555553,0.01054398148148148,False,
63575983,2025-01-01 00:07:54,2025-01-01 00:13:30,NYPD,New York City Police Department,Noise - Street/Sidewalk,Loud Talking,Street/Sidewalk,11232,BROOKLYN,Closed,,2025-01-01 00:13:33,12 BROOKLYN,38,Precinct 66,Brooklyn,Mobile,40.64485929162653,-73.99784152051204,True,True,True,True,BROOKLYN,Closed,2025,1,January,Wednesday,0,2025-01-01,True,False,0.09333333333333334,0.003888888888888889,False,
63575986,2025-01-01 00:13:55,2025-01-01 00:24:12,NYPD,New York City Police Department,Noise - Street/Sidewalk,Loud Music/Party,Street/Sidewalk,10029,NEW YORK,Closed,,2025-01-01 00:24:14,11 MANHATTAN,08,Precinct 23,Manhattan,Mobile,40.79257649392041,-73.93792248822146,True,True,True,True,MANHATTAN,Closed,2025,1,January,Wednesday,0,2025-01-01,True,False,0.1713888888888889,0.007141203703703704,False,
63575988,2025-01-01 01:36:48,2025-01-01 01:37:15,NYPD,New York City Police Department,Noise - Street/Sidewalk,Loud Music/Party,Street/Sidewalk,11203,BROOKLYN,Closed,,2025-01-01 01:37:18,09 BROOKLYN,40,Precinct 71,Brooklyn,Mobile,40.65941517743085,-73.9389835134306,True,True,True,True,BROOKLYN,Closed,2025,1,January,Wednesday,1,2025-01-01,True,False,0.0075,0.0003125,False,
63575989,2025-01-01 00:30:24,2025-01-01 01:00:16,NYPD,New York City Police Department,Noise - Street/Sidewalk,Loud Talking,Street/Sidewalk,11229,BROOKLYN,Closed,,2025-01-01 01:00:19,15 BROOKLYN,48,Precinct 61,Brooklyn,Mobile,40.60558657019448,-73.95575378891145,True,True,True,True,BROOKLYN,Closed,2025,1,January,Wednesday,0,2025-01-01,True,False,0.49777777777777776,0.02074074074074074,False,
63575993,2025-01-01 00:01:24,2025-01-01 00:43:35,NYPD,New York City Police Department,Noise - Street/Sidewalk,Loud Talking,Street/Sidewalk,10027,NEW YORK,Closed,,2025-01-01 00:43:39,11 MANHATTAN,09,Precinct 25,Manhattan,Phone,40.804486076437456,-73.94366909082243,True,True,True,True,MANHATTAN,Closed,2025,1,January,Wednesday,0,2025-01-01,True,False,0.7030555555555555,0.02929398148148148,False,
63576011,2025-01-01 01:18:56,2025-01-01 01:35:09,NYPD,New York City Police Department,Noise - Residential,Loud Talking,Residential Building/House,10303,STATEN ISLAND,Closed,,2025-01-01 01:35:10,01 STATEN ISLAND,49,Precinct 121,Staten Island,Mobile,40.62370776192817,-74.15297300627941,True,True,True,True,STATEN ISLAND,Closed,2025,1,January,Wednesday,1,2025-01-01,True,False,0.2702777777777778,0.011261574074074075,False,
63576013,2025-01-01 00:16:37,2025-01-01 00:25:43,NYPD,New York City Police Department,Noise - Residential,Loud Talking,Residential Building/House,10013,NEW YORK,Closed,,2025-01-01 00:25:45,01 MANHATTAN,01,Precinct 1,Manhattan,Online,40.72022232343317,-74.00674250402294,True,True,True,True,MANHATTAN,Closed,2025,1,January,Wednesday,0,2025-01-01,True,False,0.15166666666666667,0.006319444444444444,False,
63576014,2025-01-01 00:06:18,2025-01-01 00:39:22,NYPD,New York City Police Department,Noise - Street/Sidewalk,Loud Music/Party,Street/Sidewalk,11219,BROOKLYN,Closed,,2025-01-01 00:39:24,10 BROOKLYN,38,Precinct 68,Brooklyn,Mobile,40.62473988161201,-74.00563052831353,True,True,True,True,BROOKLYN,Closed,2025,1,January,Wednesday,0,2025-01-01,True,False,0.5511111111111111,0.022962962962962963,False,
63576018,2025-01-01 00:02:24,2025-01-01 00:19:44,NYPD,New York City Police Department,Noise - Street/Sidewalk,Loud Music/Party,Street/Sidewalk,10029,NEW YORK,Closed,,2025-01-01 00:19:50,11 MANHATTAN,08,Precinct 23,Manhattan,Mobile,40.79307007665775,-73.94230277097093,True,True,True,True,MANHATTAN,Closed,2025,1,January,Wednesday,0,2025-01-01,True,False,0.28888888888888886,0.012037037037037035,False,
63576019,2025-01-01 01:30:53,2025-01-01 01:37:56,NYPD,New York City Police Department,Noise - Street/Sidewalk,Loud Music/Party,Street/Sidewalk,10029,NEW YORK,Closed,,2025-01-01 01:38:00,11 MANHATTAN,08,Precinct 23,Manhattan,Mobile,40.79011636301255,-73.94723119070778,True,True,True,True,MANHATTAN,Closed,2025,1,January,Wednesday,1,2025-01-01,True,False,0.1175,0.004895833333333333,False,
63576020,2025-01-01 00:36:00,2025-01-01 01:03:22,NYPD,New York City Police Department,Noise - Street/Sidewalk,Loud Talking,Street/Sidewalk,11357,WHITESTONE,Closed,,2025-01-01 01:03:24,07 QUEENS,19,Precinct 109,Queens,Online,40.78912513247741,-73.81254554498267,True,True,True,True,QUEENS,Closed,2025,1,January,Wednesday,0,2025-01-01,True,False,0.45611111111111113,0.01900462962962963,False,
63576022,2025-01-01 00:47:55,2025-01-01 00:49:12,NYPD,New York City Police Department,Noise - Street/Sidewalk,Loud Talking,Street/Sidewalk,11232,BROOKLYN,Closed,,2025-01-01 00:49:16,12 BROOKLYN,38,Precinct 66,Brooklyn,Mobile,40.64478243522447,-73.99771540163759,True,True,True,True,BROOKLYN,Closed,2025,1,January,Wednesday,0,2025-01-01,True,False,0.021388888888888888,0.0008912037037037036,False,
63576023,2025-01-01 00:19:59,2025-01-01 00:20:44,NYPD,New York City Police Department,Noise - Street/Sidewalk,Loud Talking,Street/Sidewalk,11232,BROOKLYN,Closed,,2025-01-01 00:20:48,12 BROOKLYN,38,Precinct 66,Brooklyn,Mobile,40.64478243522447,-73.99771540163759,True,True,True,True,BROOKLYN,Closed,2025,1,January,Wednesday,0,2025-01-01,True,False,0.0125,0.0005208333333333333,False,
63576155,2025-01-01 01:20:54,2025-01-01 05:49:16,NYPD,New York City Police Department,Illegal Parking,Blocked Hydrant,Street/Sidewalk,11219,BROOKLYN,Closed,,2025-01-01 05:49:18,10 BROOKLYN,43,Precinct 68,Brooklyn,Online,40.6293841340298,-74.0040061312768,True,True,True,True,BROOKLYN,Closed,2025,1,January,Wednesday,1,2025-01-01,True,False,4.472777777777778,0.18636574074074075,False,
63576157,2025-01-01 01:49:15,2025-01-01 02:56:56,NYPD,New York City Police Department,Illegal Parking,Blocked Hydrant,Street/Sidewalk,11217,BROOKLYN,Closed,,2025-01-01 02:57:00,02 BROOKLYN,35,Precinct 88,Brooklyn,Mobile,40.68323359967537,-73.97284663831383,True,True,True,True,BROOKLYN,Closed,2025,1,January,Wednesday,1,2025-01-01,True,False,1.1280555555555556,0.047002314814814816,False,
63576165,2025-01-01 00:11:41,2025-01-01 23:21:21,NYPD,New York City Police Department,Noise - Residential,Banging/Pounding,Residential Building/House,10469,BRONX,Closed,,2025-01-01 23:21:26,12 BRONX,12,Precinct 47,Bronx,Phone,40.87422783741995,-73.84796933065107,True,True,True,True,BRONX,Closed,2025,1,January,Wednesday,0,2025-01-01,True,False,23.16111111111111,0.9650462962962963,False,
63576191,2025-01-01 01:01:12,2025-01-02 17:05:54,NYPD,New York City Police Department,Noise - Residential,Loud Music/Party,Residential Building/House,10466,BRONX,Closed,,2025-01-02 17:08:08,12 BRONX,11,Precinct 47,Bronx,Mobile,40.89187241649303,-73.86016845296459,True,True,True,True,BRONX,Closed,2025,1,January,Wednesday,1,2025-01-01,True,False,40.07833333333333,1.6699305555555555,False,
63576208,2025-01-01 01:32:31,2025-01-01 04:19:51,NYPD,New York City Police Department,Noise - Residential,Loud Music/Party,Residential Building/House,11207,BROOKLYN,Closed,,2025-01-01 04:19:54,05 BROOKLYN,37,Precinct 75,Brooklyn,Phone,40.67784561465136,-73.89288427321912,True,True,True,True,BROOKLYN,Closed,2025,1,January,Wednesday,1,2025-01-01,True,False,2.7888888888888888,0.1162037037037037,False,
63576214,2025-01-01 00:26:24,2025-01-01 09:01:53,NYPD,New York City Police Department,Noise - Residential,Loud Music/Party,Residential Building/House,10466,BRONX,Closed,,2025-01-01 09:02:09,12 BRONX,11,Precinct 47,Bronx,Mobile,40.89187241649303,-73.86016845296459,True,True,True,True,BRONX,Closed,2025,1,January,Wednesday,0,2025-01-01,True,False,8.591388888888888,0.357974537037037,False,
63576231,2025-01-01 01:13:16,2025-01-02 17:02:39,NYPD,New York City Police Department,Noise - Residential,Loud Music/Party,Residential Building/House,10466,BRONX,Closed,,2025-01-02 17:02:47,12 BRONX,11,Precinct 47,Bronx,Mobile,40.89187241649303,-73.86016845296459,True,True,True,True,BRONX,Closed,2025,1,January,Wednesday,1,2025-01-01,True,False,39.823055555555555,1.6592939814814816,False,
63576232,2025-01-01 00:49:07,2025-01-02 17:02:39,NYPD,New York City Police Department,Noise - Residential,Loud Music/Party,Residential Building/House,10466,BRONX,Closed,,2025-01-02 17:02:50,12 BRONX,11,Precinct 47,Bronx,Mobile,40.89187241649303,-73.86016845296459,True,True,True,True,BRONX,Closed,2025,1,January,Wednesday,0,2025-01-01,True,False,40.22555555555556,1.676064814814815,False,
63576233,2025-01-01 00:22:26,2025-01-02 17:09:53,NYPD,New York City Police Department,Noise - Residential,Loud Music/Party,Residential Building/House,10466,BRONX,Closed,,2025-01-02 17:12:20,12 BRONX,11,Precinct 47,Bronx,Mobile,40.89187241649303,-73.86016845296459,True,True,True,True,BRONX,Closed,2025,1,January,Wednesday,0,2025-01-01,True,False,40.79083333333333,1.6996180555555556,False,
63576235,2025-01-01 01:47:29,2025-01-01 01:51:42,NYPD,New York City Police Department,Noise - Residential,Loud Music/Party,Residential Building/House,10456,BRONX,Closed,,2025-01-01 01:51:46,03 BRONX,16,Precinct 42,Bronx,Online,40.83694066292417,-73.90374441298103,True,True,True,True,BRONX,Closed,2025,1,January,Wednesday,1,2025-01-01,True,False,0.07027777777777777,0.0029282407407407404,False,
63576236,2025-01-01 01:15:31,2025-01-01 02:12:13,NYPD,New York City Police Department,Noise - Street/Sidewalk,Loud Music/Party,Street/Sidewalk,11102,ASTORIA,Closed,,2025-01-01 02:12:16,01 QUEENS,22,Precinct 114,Queens,Mobile,40.76639573594028,-73.9261384225263,True,True,True,True,QUEENS,Closed,2025,1,January,Wednesday,1,2025-01-01,True,False,0.945,0.039375,False,
63576237,2025-01-01 01:40:54,2025-01-01 02:02:13,NYPD,New York City Police Department,Noise - Street/Sidewalk,Loud Talking,Street/Sidewalk,11368,CORONA,Closed,,2025-01-01 02:02:22,03 QUEENS,21,Precinct 115,Queens,Online,40.75810765593285,-73.8572006242061,True,True,True,True,QUEENS,Closed,2025,1,January,Wednesday,1,2025-01-01,True,False,0.3552777777777778,0.014803240740740742,False,
63576258,2025-01-01 01:29:00,2025-01-02 15:06:18,DSNY,Department of Sanitation,Illegal Dumping,Removal Request,Street,11204,,Closed,,2025-01-02 04:34:43,11 BROOKLYN,44,Precinct 62,Brooklyn,Online,40.61136982227178,-73.97348455017911,True,True,True,True,BROOKLYN,Closed,2025,1,January,Wednesday,1,2025-01-01,True,False,37.62166666666667,1.5675694444444446,False,
63576278,2025-01-01 00:12:32,2025-01-01 02:03:48,NYPD,New York City Police Department,Illegal Fireworks,N/A,Street/Sidewalk,11415,KEW GARDENS,Closed,,2025-01-01 02:03:51,09 QUEENS,29,Precinct 102,Queens,Online,40.70522700745455,-73.8289180330411,True,True,True,True,QUEENS,Closed,2025,1,January,Wednesday,0,2025-01-01,True,False,1.8544444444444443,0.07726851851851851,False,
63576287,2025-01-01 01:43:48,2025-01-01 02:35:06,NYPD,New York City Police Department,Illegal Parking,Double Parked Blocking Traffic,Street/Sidewalk,11233,BROOKLYN,Closed,,2025-01-01 02:35:09,16 BROOKLYN,41,Precinct 73,Brooklyn,Mobile,40.67331360953895,-73.91550218173062,True,True,True,True,BROOKLYN,Closed,2025,1,January,Wednesday,1,2025-01-01,True,False,0.855,0.035625,False,
63576288,2025-01-01 01:43:25,2025-01-01 02:00:07,NYPD,New York City Police Department,Noise - Commercial,Loud Music/Party,Club/Bar/Restaurant,10032,NEW YORK,Closed,,2025-01-01 02:00:11,12 MANHATTAN,10,Precinct 33,Manhattan,Online,40.83372352055097,-73.94511511295457,True,True,True,True,MANHATTAN,Closed,2025,1,January,Wednesday,1,2025-01-01,True,False,0.2783333333333333,0.011597222222222222,False,
63576289,2025-01-01 01:38:36,2025-01-01 01:57:01,NYPD,New York City Police Department,Noise - Commercial,Loud Music/Party,Store/Commercial,11215,BROOKLYN,Closed,,2025-01-01 01:57:06,06 BROOKLYN,39,Precinct 78,Brooklyn,Mobile,40.67276765973392,-73.98848569558186,True,True,True,True,BROOKLYN,Closed,2025,1,January,Wednesday,1,2025-01-01,True,False,0.30694444444444446,0.012789351851851852,False,
63576293,2025-01-01 01:26:28,2025-01-01 02:36:45,NYPD,New York City Police Department,Noise - Residential,Banging/Pounding,Residential Building/House,10016,NEW YORK,Closed,,2025-01-01 02:36:47,05 MANHATTAN,02,Unspecified,Manhattan,Online,40.74489096895451,-73.98201333161907,True,True,True,True,MANHATTAN,Closed,2025,1,January,Wednesday,1,2025-01-01,True,False,1.1713888888888888,0.04880787037037037,False,
63576300,2025-01-01 01:09:49,2025-01-01 02:11:57,NYPD,New York City Police Department,Illegal Parking,Blocked Hydrant,Street/Sidewalk,11419,SOUTH RICHMOND HILL,Closed,,2025-01-01 02:12:01,10 QUEENS,28,Precinct 106,Queens,Phone,40.68465391566255,-73.83008495468763,True,True,True,True,QUEENS,Closed,2025,1,January,Wednesday,1,2025-01-01,True,False,1.0355555555555556,0.04314814814814815,False,
63576301,2025-01-01 01:42:10,2025-01-01 02:11:05,NYPD,New York City Police Department,Illegal Parking,Posted Parking Sign Violation,Street/Sidewalk,11378,MASPETH,Closed,,2025-01-01 02:11:07,05 QUEENS,30,Precinct 104,Queens,Mobile,40.72477987503347,-73.88865265458305,True,True,True,True,QUEENS,Closed,2025,1,January,Wednesday,1,2025-01-01,True,False,0.48194444444444445,0.02008101851851852,False,
63576302,2025-01-01 01:35:45,2025-01-01 01:56:07,NYPD,New York City Police Department,Noise - Commercial,Loud Music/Party,Club/Bar/Restaurant,11217,BROOKLYN,Closed,,2025-01-01 01:56:10,06 BROOKLYN,39,Precinct 76,Brooklyn,Online,40.68196243389455,-73.98647225205205,True,True,True,True,BROOKLYN,Closed,2025,1,January,Wednesday,1,2025-01-01,True,False,0.33944444444444444,0.014143518518518519,False,
63576310,2025-01-01 01:48:53,2025-01-01 02:20:19,NYPD,New York City Police Department,Noise - Residential,Banging/Pounding,Residential Building/House,10029,NEW YORK,Closed,,2025-01-01 02:20:22,11 MANHATTAN,08,Precinct 23,Manhattan,Online,40.79683616244716,-73.9429387775481,True,True,True,True,MANHATTAN,Closed,2025,1,January,Wednesday,1,2025-01-01,True,False,0.5238888888888888,0.0218287037037037,False,
63576333,2025-01-01 01:12:38,2025-01-02 17:07:30,NYPD,New York City Police Department,Noise - Residential,Loud Music/Party,Residential Building/House,10466,BRONX,Closed,,2025-01-02 17:08:35,12 BRONX,11,Precinct 47,Bronx,Mobile,40.89187241649303,-73.86016845296459,True,True,True,True,BRONX,Closed,2025,1,January,Wednesday,1,2025-01-01,True,False,39.91444444444444,1.6631018518518517,False,
63576370,2025-01-01 00:20:13,2025-01-01 09:01:05,NYPD,New York City Police Department,Noise - Residential,Loud Music/Party,Residential Building/House,10466,BRONX,Closed,,2025-01-01 09:01:10,12 BRONX,11,Precinct 47,Bronx,Mobile,40.89187241649303,-73.86016845296459,True,True,True,True,BRONX,Closed,2025,1,January,Wednesday,0,2025-01-01,True,False,8.681111111111111,0.36171296296296296,False,
63576371,2025-01-01 01:46:55,2025-01-01 02:36:42,NYPD,New York City Police Department,Noise - Residential,Loud Music/Party,Residential Building/House,10303,STATEN ISLAND,Closed,,2025-01-01 02:36:47,01 STATEN ISLAND,49,Precinct 121,Staten Island,Phone,40.62370776192817,-74.15297300627941,True,True,True,True,STATEN ISLAND,Closed,2025,1,January,Wednesday,1,2025-01-01,True,False,0.8297222222222222,0.03457175925925926,False,
63576372,2025-01-01 01:43:08,2025-01-02 17:03:54,NYPD,New York City Police Department,Noise - Residential,Loud Music/Party,Residential Building/House,10466,BRONX,Closed,,2025-01-02 17:04:16,12 BRONX,11,Precinct 47,Bronx,Mobile,40.89187241649303,-73.86016845296459,True,True,True,True,BRONX,Closed,2025,1,January,Wednesday,1,2025-01-01,True,False,39.346111111111114,1.6394212962962964,False,
63576373,2025-01-01 00:08:43,2025-01-01 09:02:20,NYPD,New York City Police Department,Noise - Residential,Loud Music/Party,Residential Building/House,10466,BRONX,Closed,,2025-01-01 09:02:23,12 BRONX,11,Precinct 47,Bronx,Mobile,40.89187241649303,-73.86016845296459,True,True,True,True,BRONX,Closed,2025,1,January,Wednesday,0,2025-01-01,True,False,8.893611111111111,0.3705671296296296,False,
63576374,2025-01-01 01:45:03,2025-01-02 17:07:27,NYPD,New York City Police Department,Noise - Residential,Loud Music/Party,Residential Building/House,10466,BRONX,Closed,,2025-01-02 17:08:52,12 BRONX,11,Precinct 47,Bronx,Mobile,40.89187241649303,-73.86016845296459,True,True,True,True,BRONX,Closed,2025,1,January,Wednesday,1,2025-01-01,True,False,39.373333333333335,1.6405555555555555,False,
63576385,2025-01-01 01:02:34,2025-01-01 02:38:47,NYPD,New York City Police Department,Noise - Residential,Loud Music/Party,Residential Building/House,10028,NEW YORK,Closed,,2025-01-01 02:38:51,08 MANHATTAN,05,Precinct 19,Manhattan,Online,40.77376997343741,-73.95004224066922,True,True,True,True,MANHATTAN,Closed,2025,1,January,Wednesday,1,2025-01-01,True,False,1.603611111111111,0.06681712962962963,False,
63576398,2025-01-01 01:13:54,2025-01-02 17:05:54,NYPD,New York City Police Department,Noise - Residential,Loud Music/Party,Residential Building/House,10466,BRONX,Closed,,2025-01-02 17:07:02,12 BRONX,11,Precinct 47,Bronx,Mobile,40.89187241649303,-73.86016845296459,True,True,True,True,BRONX,Closed,2025,1,January,Wednesday,1,2025-01-01,True,False,39.86666666666667,1.6611111111111112,False,
63576401,2025-01-01 00:54:51,2025-01-02 17:05:53,NYPD,New York City Police Department,Noise - Residential,Loud Music/Party,Residential Building/House,10466,BRONX,Closed,,2025-01-02 17:07:25,12 BRONX,11,Precinct 47,Bronx,Mobile,40.89187241649303,-73.86016845296459,True,True,True,True,BRONX,Closed,2025,1,January,Wednesday,0,2025-01-01,True,False,40.18388888888889,1.6743287037037036,False,
63576411,2025-01-01 01:19:37,2025-01-02 17:08:20,NYPD,New York City Police Department,Noise - Residential,Loud Music/Party,Residential Building/House,10466,BRONX,Closed,,2025-01-02 17:12:01,12 BRONX,11,Precinct 47,Bronx,Mobile,40.89187241649303,-73.86016845296459,True,True,True,True,BRONX,Closed,2025,1,January,Wednesday,1,2025-01-01,True,False,39.81194444444444,1.6588310185185184,False,
63576412,2025-01-01 00:58:14,2025-01-01 02:03:39,NYPD,New York City Police Department,Noise - Residential,Loud Music/Party,Residential Building/House,11203,BROOKLYN,Closed,,2025-01-01 02:03:42,17 BROOKLYN,42,Precinct 67,Brooklyn,Online,40.651658929964015,-73.9216921750012,True,True,True,True,BROOKLYN,Closed,2025,1,January,Wednesday,0,2025-01-01,True,False,1.0902777777777777,0.045428240740740734,False,
63576431,2025-01-01 00:40:49,2025-01-01 09:54:09,NYPD,New York City Police Department,Illegal Fireworks,N/A,Street/Sidewalk,10462,BRONX,Closed,,2025-01-01 09:54:14,09 BRONX,18,Precinct 43,Bronx,Online,40.83440541951354,-73.85696097654508,True,True,True,True,BRONX,Closed,2025,1,January,Wednesday,0,2025-01-01,True,False,9.222222222222221,0.38425925925925924,False,
63576437,2025-01-01 00:02:44,2025-01-02 17:08:14,NYPD,New York City Police Department,Noise - Residential,Loud Music/Party,Residential Building/House,10466,BRONX,Closed,,2025-01-02 17:10:39,12 BRONX,11,Precinct 47,Bronx,Mobile,40.89187241649303,-73.86016845296459,True,True,True,True,BRONX,Closed,2025,1,January,Wednesday,0,2025-01-01,True,False,41.09166666666667,1.7121527777777779,False,
63576461,2025-01-01 00:31:58,2025-01-02 17:11:25,NYPD,New York City Police Department,Noise - Residential,Loud Music/Party,Residential Building/House,10466,BRONX,Closed,,2025-01-02 17:15:13,12 BRONX,11,Precinct 47,Bronx,Mobile,40.89187241649303,-73.86016845296459,True,True,True,True,BRONX,Closed,2025,1,January,Wednesday,0,2025-01-01,True,False,40.6575,1.6940625,False,
63576463,2025-01-01 00:11:39,2025-01-01 02:18:56,NYPD,New York City Police Department,Illegal Parking,Commercial Overnight Parking,Street/Sidewalk,10039,NEW YORK,Closed,,2025-01-01 02:19:01,10 MANHATTAN,09,Precinct 32,Manhattan,Mobile,40.822059295387305,-73.9360414806865,True,True,True,True,MANHATTAN,Closed,2025,1,January,Wednesday,0,2025-01-01,True,False,2.1213888888888888,0.0883912037037037,False,
63576466,2025-01-01 01:38:47,2025-01-01 02:35:25,NYPD,New York City Police Department,Noise - Commercial,Loud Music/Party,Club/Bar/Restaurant,11208,BROOKLYN,Closed,,2025-01-01 02:35:27,05 BROOKLYN,37,Precinct 75,Brooklyn,Phone,40.6825059487373,-73.87617967501723,True,True,True,True,BROOKLYN,Closed,2025,1,January,Wednesday,1,2025-01-01,True,False,0.9438888888888889,0.039328703703703706,False,
63576479,2025-01-01 01:37:03,2025-01-01 01:55:47,NYPD,New York City Police Department,Noise - Residential,Loud Music/Party,Residential Building/House,10023,NEW YORK,Closed,,2025-01-01 01:55:51,07 MANHATTAN,06,Precinct 20,Manhattan,Online,40.7781782233673,-73.97651248649123,True,True,True,True,MANHATTAN,Closed,2025,1,January,Wednesday,1,2025-01-01,True,False,0.31222222222222223,0.01300925925925926,False,
63576483,2025-01-01 01:16:10,2025-01-01 02:04:31,NYPD,New York City Police Department,Noise - Residential,Loud Music/Party,Residential Building/House,11205,BROOKLYN,Closed,,2025-01-01 02:04:36,03 BROOKLYN,33,Precinct 79,Brooklyn,Online,40.69095347647095,-73.95954109708934,True,True,True,True,BROOKLYN,Closed,2025,1,January,Wednesday,1,2025-01-01,True,False,0.8058333333333333,0.033576388888888885,False,
63576485,2025-01-01 00:23:54,2025-01-01 13:00:07,NYPD,New York City Police Department,Noise - Residential,Loud Music/Party,Residential Building/House,11367,FLUSHING,Closed,,2025-01-01 13:00:09,08 QUEENS,20,Precinct 107,Queens,Online,40.739984954745545,-73.82233326138247,True,True,True,True,QUEENS,Closed,2025,1,January,Wednesday,0,2025-01-01,True,False,12.60361111111111,0.525150462962963,False,
63576487,2025-01-01 01:48:51,2025-01-02 17:02:39,NYPD,New York City Police Department,Noise - Residential,Loud Music/Party,Residential Building/House,10466,BRONX,Closed,,2025-01-02 17:02:43,12 BRONX,11,Precinct 47,Bronx,Mobile,40.89187241649303,-73.86016845296459,True,True,True,True,BRONX,Closed,2025,1,January,Wednesday,1,2025-01-01,True,False,39.23,1.6345833333333333,False,
63576488,2025-01-01 00:59:55,2025-01-02 17:09:54,NYPD,New York City Police Department,Noise - Residential,Loud Music/Party,Residential Building/House,10466,BRONX,Closed,,2025-01-02 17:13:50,12 BRONX,11,Precinct 47,Bronx,Mobile,40.89187241649303,-73.86016845296459,True,True,True,True,BRONX,Closed,2025,1,January,Wednesday,0,2025-01-01,True,False,40.16638888888889,1.6735995370370371,False,
63576489,2025-01-01 00:45:57,2025-01-02 17:02:39,NYPD,New York City Police Department,Noise - Residential,Loud Music/Party,Residential Building/House,10466,BRONX,Closed,,2025-01-02 17:02:51,12 BRONX,11,Precinct 47,Bronx,Mobile,40.89187241649303,-73.86016845296459,True,True,True,True,BRONX,Closed,2025,1,January,Wednesday,0,2025-01-01,True,False,40.278333333333336,1.678263888888889,False,
63576490,2025-01-01 00:31:20,2025-01-02 17:09:52,NYPD,New York City Police Department,Noise - Residential,Loud Music/Party,Residential Building/House,10466,BRONX,Closed,,2025-01-02 17:13:44,12 BRONX,11,Precinct 47,Bronx,Mobile,40.89187241649303,-73.86016845296459,True,True,True,True,BRONX,Closed,2025,1,January,Wednesday,0,2025-01-01,True,False,40.64222222222222,1.693425925925926,False,
63576507,2025-01-01 00:28:42,2025-01-01 09:01:35,NYPD,New York City Police Department,Noise - Residential,Loud Music/Party,Residential Building/House,10466,BRONX,Closed,,2025-01-01 09:01:50,12 BRONX,11,Precinct 47,Bronx,Mobile,40.89187241649303,-73.86016845296459,True,True,True,True,BRONX,Closed,2025,1,January,Wednesday,0,2025-01-01,True,False,8.548055555555555,0.35616898148148146,False,
63576520,2025-01-01 00:13:20,2025-01-01 08:38:11,NYPD,New York City Police Department,Noise - Residential,Loud Music/Party,Residential Building/House,10466,BRONX,Closed,,2025-01-01 08:38:14,12 BRONX,11,Precinct 47,Bronx,Mobile,40.89187241649303,-73.86016845296459,True,True,True,True,BRONX,Closed,2025,1,January,Wednesday,0,2025-01-01,True,False,8.414166666666667,0.3505902777777778,False,
63576522,2025-01-01 00:01:49,2025-01-01 08:38:09,NYPD,New York City Police Department,Noise - Residential,Loud Music/Party,Residential Building/House,10466,BRONX,Closed,,2025-01-01 08:38:14,12 BRONX,11,Precinct 47,Bronx,Mobile,40.89187241649303,-73.86016845296459,True,True,True,True,BRONX,Closed,2025,1,January,Wednesday,0,2025-01-01,True,False,8.605555555555556,0.35856481481481484,False,
63576523,2025-01-01 00:14:23,2025-01-01 02:13:04,NYPD,New York City Police Department,Noise - Residential,Loud Music/Party,Residential Building/House,10472,BRONX,Closed,,2025-01-01 02:13:07,09 BRONX,18,Precinct 43,Bronx,Mobile,40.82894404006634,-73.86662784337575,True,True,True,True,BRONX,Closed,2025,1,January,Wednesday,0,2025-01-01,True,False,1.9780555555555555,0.08241898148148148,False,
63576537,2025-01-01 01:15:45,2025-01-01 02:04:32,NYPD,New York City Police Department,Noise - Residential,Loud Music/Party,Residential Building/House,11221,BROOKLYN,Closed,,2025-01-01 02:04:36,03 BROOKLYN,41,Precinct 81,Brooklyn,Mobile,40.68722334898388,-73.92218406206315,True,True,True,True,BROOKLYN,Closed,2025,1,January,Wednesday,1,2025-01-01,True,False,0.8130555555555555,0.03387731481481481,False,
63576538,2025-01-01 00:49:45,2025-01-02 17:09:56,NYPD,New York City Police Department,Noise - Residential,Loud Music/Party,Residential Building/House,10466,BRONX,Closed,,2025-01-02 17:11:59,12 BRONX,11,Precinct 47,Bronx,Mobile,40.89187241649303,-73.86016845296459,True,True,True,True,BRONX,Closed,2025,1,January,Wednesday,0,2025-01-01,True,False,40.33638888888889,1.6806828703703705,False,
63576539,2025-01-01 00:21:48,2025-01-02 16:30:20,NYPD,New York City Police Department,Noise - Residential,Loud Music/Party,Residential Building/House,10466,BRONX,Closed,,2025-01-02 16:30:50,12 BRONX,11,Precinct 47,Bronx,Mobile,40.89187241649303,-73.86016845296459,True,True,True,True,BRONX,Closed,2025,1,January,Wednesday,0,2025-01-01,True,False,40.14222222222222,1.6725925925925926,False,
63576540,2025-01-01 00:19:27,2025-01-01 09:02:03,NYPD,New York City Police Department,Noise - Residential,Loud Music/Party,Residential Building/House,10466,BRONX,Closed,,2025-01-01 09:02:09,12 BRONX,11,Precinct 47,Bronx,Mobile,40.89187241649303,-73.86016845296459,True,True,True,True,BRONX,Closed,2025,1,January,Wednesday,0,2025-01-01,True,False,8.71,0.3629166666666667,False,
63576541,2025-01-01 00:01:03,2025-01-01 08:38:08,NYPD,New York City Police Department,Noise - Residential,Loud Music/Party,Residential Building/House,10466,BRONX,Closed,,2025-01-01 08:38:14,12 BRONX,11,Precinct 47,Bronx,Mobile,40.89187241649303,-73.86016845296459,True,True,True,True,BRONX,Closed,2025,1,January,Wednesday,0,2025-01-01,True,False,8.618055555555555,0.35908564814814814,False,
63576549,2025-01-01 01:17:41,2025-01-01 01:57:23,NYPD,New York City Police Department,Noise - Residential,Loud Music/Party,Residential Building/House,11368,CORONA,Closed,,2025-01-01 01:57:27,04 QUEENS,21,Precinct 110,Queens,Mobile,40.744645883546696,-73.86504990680453,True,True,True,True,QUEENS,Closed,2025,1,January,Wednesday,1,2025-01-01,True,False,0.6616666666666666,0.02756944444444444,False,
63576550,2025-01-01 01:36:34,2025-01-01 01:53:21,NYPD,New York City Police Department,Noise - Residential,Loud Music/Party,Residential Building/House,11370,EAST ELMHURST,Closed,,2025-01-01 01:53:27,03 QUEENS,25,Precinct 115,Queens,Online,40.76058826129498,-73.88344891992752,True,True,True,True,QUEENS,Closed,2025,1,January,Wednesday,1,2025-01-01,True,False,0.2797222222222222,0.011655092592592592,False,
63576551,2025-01-01 01:42:00,2025-01-01 02:51:39,NYPD,New York City Police Department,Noise - Residential,Loud Music/Party,Residential Building/House,11418,RICHMOND HILL,Closed,,2025-01-01 02:51:42,09 QUEENS,29,Precinct 102,Queens,Online,40.699623392136445,-73.83348373809663,True,True,True,True,QUEENS,Closed,2025,1,January,Wednesday,1,2025-01-01,True,False,1.1608333333333334,0.04836805555555556,False,
63576552,2025-01-01 01:17:13,2025-01-01 02:23:29,NYPD,New York City Police Department,Noise - Residential,Loud Music/Party,Residential Building/House,10009,NEW YORK,Closed,,2025-01-01 02:23:32,03 MANHATTAN,02,Precinct 9,Manhattan,Online,40.72008065972817,-73.97920253964847,True,True,True,True,MANHATTAN,Closed,2025,1,January,Wednesday,1,2025-01-01,True,False,1.1044444444444443,0.046018518518518514,False,
63576553,2025-01-01 01:46:57,2025-01-02 17:03:57,NYPD,New York City Police Department,Noise - Residential,Loud Music/Party,Residential Building/House,10466,BRONX,Closed,,2025-01-02 17:05:04,12 BRONX,11,Precinct 47,Bronx,Mobile,40.89187241649303,-73.86016845296459,True,True,True,True,BRONX,Closed,2025,1,January,Wednesday,1,2025-01-01,True,False,39.28333333333333,1.6368055555555554,False,
63576554,2025-01-01 00:04:07,2025-01-01 09:02:20,NYPD,New York City Police Department,Noise - Residential,Loud Music/Party,Residential Building/House,10466,BRONX,Closed,,2025-01-01 09:02:39,12 BRONX,11,Precinct 47,Bronx,Mobile,40.89187241649303,-73.86016845296459,True,True,True,True,BRONX,Closed,2025,1,January,Wednesday,0,2025-01-01,True,False,8.970277777777778,0.37376157407407407,False,
63576556,2025-01-01 01:33:49,2025-03-04 09:36:54,TLC,Taxi and Limousine Commission,Taxi Complaint,Driver Complaint - Non Passenger,Street,10011,,Closed,,2025-03-04 09:36:58,02 MANHATTAN,03,Precinct 6,Manhattan,Online,40.73736073291079,-73.99683897658859,True,True,True,True,MANHATTAN,Closed,2025,1,January,Wednesday,1,2025-01-01,True,False,1496.0513888888888,62.33547453703704,False,
63576557,2025-01-01 00:56:19,2025-01-01 02:31:03,NYPD,New York City Police Department,Noise - Street/Sidewalk,Loud Music/Party,Street/Sidewalk,10016,NEW YORK,Closed,,2025-01-01 02:31:06,05 MANHATTAN,02,Unspecified,Manhattan,Mobile,40.74511091039477,-73.98449980024223,True,True,True,True,MANHATTAN,Closed,2025,1,January,Wednesday,0,2025-01-01,True,False,1.5788888888888888,0.06578703703703703,False,
63576558,2025-01-01 01:43:27,2025-01-01 01:57:25,NYPD,New York City Police Department,Noise - Street/Sidewalk,Loud Talking,Street/Sidewalk,11385,RIDGEWOOD,Closed,,2025-01-01 01:57:27,05 QUEENS,30,Precinct 104,Queens,Online,40.708481598750325,-73.8976574871237,True,True,True,True,QUEENS,Closed,2025,1,January,Wednesday,1,2025-01-01,True,False,0.23277777777777778,0.009699074074074074,False,
63576578,2025-01-01 01:34:14,2025-01-02 17:08:18,NYPD,New York City Police Department,Noise - Residential,Loud Music/Party,Residential Building/House,10466,BRONX,Closed,,2025-01-02 17:11:38,12 BRONX,11,Precinct 47,Bronx,Mobile,40.89187241649303,-73.86016845296459,True,True,True,True,BRONX,Closed,2025,1,January,Wednesday,1,2025-01-01,True,False,39.56777777777778,1.6486574074074074,False,
63576579,2025-01-01 00:49:07,2025-01-01 02:08:43,NYPD,New York City Police Department,Noise - Residential,Loud Music/Party,Residential Building/House,11377,WOODSIDE,Closed,,2025-01-01 02:08:46,02 QUEENS,26,Precinct 108,Queens,Phone,40.74227483534259,-73.91793362334718,True,True,True,True,QUEENS,Closed,2025,1,January,Wednesday,0,2025-01-01,True,False,1.3266666666666667,0.05527777777777778,False,
63576581,2025-01-01 00:39:35,2025-01-02 17:11:29,NYPD,New York City Police Department,Noise - Residential,Loud Music/Party,Residential Building/House,10466,BRONX,Closed,,2025-01-02 17:16:13,12 BRONX,11,Precinct 47,Bronx,Mobile,40.89187241649303,-73.86016845296459,True,True,True,True,BRONX,Closed,2025,1,January,Wednesday,0,2025-01-01,True,False,40.531666666666666,1.6888194444444444,False,
63576607,2025-01-01 00:44:40,2025-01-02 17:09:54,NYPD,New York City Police Department,Noise - Residential,Loud Music/Party,Residential Building/House,10466,BRONX,Closed,,2025-01-02 17:12:29,12 BRONX,11,Precinct 47,Bronx,Mobile,40.89187241649303,-73.86016845296459,True,True,True,True,BRONX,Closed,2025,1,January,Wednesday,0,2025-01-01,True,False,40.42055555555555,1.6841898148148147,False,
63576608,2025-01-01 00:38:58,2025-01-02 16:30:23,NYPD,New York City Police Department,Noise - Residential,Loud Music/Party,Residential Building/House,10466,BRONX,Closed,,2025-01-02 16:30:38,12 BRONX,11,Precinct 47,Bronx,Mobile,40.89187241649303,-73.86016845296459,True,True,True,True,BRONX,Closed,2025,1,January,Wednesday,0,2025-01-01,True,False,39.856944444444444,1.6607060185185185,False,
63576609,2025-01-01 00:07:49,2025-01-02 17:09:50,NYPD,New York City Police Department,Noise - Residential,Loud Music/Party,Residential Building/House,10466,BRONX,Closed,,2025-01-02 17:11:53,12 BRONX,11,Precinct 47,Bronx,Mobile,40.89187241649303,-73.86016845296459,True,True,True,True,BRONX,Closed,2025,1,January,Wednesday,0,2025-01-01,True,False,41.033611111111114,1.7097337962962964,False,
63576663,2025-01-01 00:58:14,2025-01-01 01:47:28,NYPD,New York City Police Department,Illegal Parking,Blocked Hydrant,Street/Sidewalk,11420,SOUTH OZONE PARK,Closed,,2025-01-01 01:47:31,10 QUEENS,28,Precinct 106,Queens,Online,40.68147417031943,-73.82375105745963,True,True,True,True,QUEENS,Closed,2025,1,January,Wednesday,0,2025-01-01,True,False,0.8205555555555556,0.03418981481481482,False,
63576705,2025-01-01 00:15:53,2025-01-01 01:05:33,NYPD,New York City Police Department,Illegal Parking,Posted Parking Sign Violation,Street/Sidewalk,10038,NEW YORK,Closed,,2025-01-01 01:05:35,01 MANHATTAN,01,Precinct 1,Manhattan,Mobile,40.70995425519981,-74.00514717555615,True,True,True,True,MANHATTAN,Closed,2025,1,January,Wednesday,0,2025-01-01,True,False,0.8277777777777777,0.03449074074074074,False,
63576799,2025-01-01 01:14:18,2025-01-01 01:34:33,NYPD,New York City Police Department,Illegal Parking,Blocked Hydrant,Street/Sidewalk,11103,ASTORIA,Closed,,2025-01-01 01:34:35,01 QUEENS,22,Precinct 114,Queens,Mobile,40.75605553126992,-73.91697095924327,True,True,True,True,QUEENS,Closed,2025,1,January,Wednesday,1,2025-01-01,True,False,0.3375,0.0140625,False,
63576848,2025-01-01 00:12:26,2025-01-01 01:09:12,NYPD,New York City Police Department,Illegal Parking,Commercial Overnight Parking,Street/Sidewalk,11361,BAYSIDE,Closed,,2025-01-01 01:09:16,11 QUEENS,19,Precinct 111,Queens,Online,40.76370912162228,-73.78011704500643,True,True,True,True,QUEENS,Closed,2025,1,January,Wednesday,0,2025-01-01,True,False,0.9461111111111111,0.039421296296296295,False,
63576866,2025-01-01 01:03:11,2025-01-01 01:25:16,NYPD,New York City Police Department,Illegal Parking,Posted Parking Sign Violation,Street/Sidewalk,11364,OAKLAND GARDENS,Closed,,2025-01-01 01:25:18,11 QUEENS,23,Precinct 111,Queens,Mobile,40.739343055148126,-73.7526277958155,True,True,True,True,QUEENS,Closed,2025,1,January,Wednesday,1,2025-01-01,True,False,0.3680555555555556,0.015335648148148149,False,
63576882,2025-01-01 00:37:19,2025-01-01 00:54:47,NYPD,New York City Police Department,Illegal Parking,Posted Parking Sign Violation,Street/Sidewalk,11223,BROOKLYN,Closed,,2025-01-01 00:54:50,11 BROOKLYN,43,Precinct 62,Brooklyn,Online,40.60003313477977,-73.98488278220233,True,True,True,True,BROOKLYN,Closed,2025,1,January,Wednesday,0,2025-01-01,True,False,0.2911111111111111,0.012129629629629629,False,
63576904,2025-01-01 01:08:22,2025-01-01 01:36:46,NYPD,New York City Police Department,Illegal Parking,Blocked Hydrant,Street/Sidewalk,11693,FAR ROCKAWAY,Closed,,2025-01-01 01:36:48,14 QUEENS,32,Precinct 100,Queens,Online,40.60311730741728,-73.82111653979923,True,True,True,True,QUEENS,Closed,2025,1,January,Wednesday,1,2025-01-01,True,False,0.47333333333333333,0.01972222222222222,False,
63576910,2025-01-01 00:35:09,2025-01-01 01:27:18,NYPD,New York City Police Department,Illegal Parking,Blocked Hydrant,Street/Sidewalk,11364,OAKLAND GARDENS,Closed,,2025-01-01 01:27:21,11 QUEENS,23,Precinct 111,Queens,Mobile,40.74138811002536,-73.75529425438377,True,True,True,True,QUEENS,Closed,2025,1,January,Wednesday,0,2025-01-01,True,False,0.8691666666666666,0.03621527777777778,False,
63576955,2025-01-01 00:14:18,2025-01-01 00:26:07,NYPD,New York City Police Department,Noise - Residential,Loud Television,Residential Building/House,10013,NEW YORK,Closed,,2025-01-01 00:26:09,01 MANHATTAN,01,Precinct 1,Manhattan,Online,40.72022232343317,-74.00674250402294,True,True,True,True,MANHATTAN,Closed,2025,1,January,Wednesday,0,2025-01-01,True,False,0.19694444444444445,0.008206018518518519,False,
63577070,2025-01-01 01:45:35,2025-01-01 03:21:22,NYPD,New York City Police Department,Blocked Driveway,Partial Access,Street/Sidewalk,11356,COLLEGE POINT,Closed,,2025-01-01 03:21:30,07 QUEENS,19,Precinct 109,Queens,Mobile,40.78925617361799,-73.85162298379446,True,True,True,True,QUEENS,Closed,2025,1,January,Wednesday,1,2025-01-01,True,False,1.5963888888888889,0.0665162037037037,False,
63577103,2025-01-01 01:02:24,2025-01-01 01:37:39,NYPD,New York City Police Department,Blocked Driveway,No Access,Street/Sidewalk,11221,BROOKLYN,Closed,,2025-01-01 01:37:43,03 BROOKLYN,36,Precinct 81,Brooklyn,Phone,40.69414736957885,-73.9336795568626,True,True,True,True,BROOKLYN,Closed,2025,1,January,Wednesday,1,2025-01-01,True,False,0.5875,0.024479166666666666,False,
63577113,2025-01-01 00:31:08,2025-01-01 00:32:53,NYPD,New York City Police Department,Blocked Driveway,No Access,Street/Sidewalk,11237,BROOKLYN,Closed,,2025-01-01 00:32:59,04 BROOKLYN,37,Precinct 83,Brooklyn,Phone,40.6985828160346,-73.91664222759778,True,True,True,True,BROOKLYN,Closed,2025,1,January,Wednesday,0,2025-01-01,True,False,0.029166666666666667,0.0012152777777777778,False,
63577122,2025-01-01 00:22:00,2025-01-01 07:05:00,DOT,Department of Transportation,Traffic Signal Condition,Controller,,11101,QUEENS,Closed,,2025-01-01 07:05:00,02 QUEENS,26,Precinct 108,Queens,Unknown,40.73955182413888,-73.94530455416789,True,True,True,True,QUEENS,Closed,2025,1,January,Wednesday,0,2025-01-01,True,False,6.716666666666667,0.2798611111111111,False,
63577131,2025-01-01 00:21:44,2025-01-01 01:30:46,NYPD,New York City Police Department,Illegal Parking,Parking Permit Improper Use,Street/Sidewalk,11223,BROOKLYN,Closed,,2025-01-01 01:30:51,15 BROOKLYN,47,Precinct 61,Brooklyn,Mobile,40.59386701389522,-73.97701660518608,True,True,True,True,BROOKLYN,Closed,2025,1,January,Wednesday,0,2025-01-01,True,False,1.1505555555555556,0.04793981481481482,False,
63577141,2025-01-01 01:38:17,2025-01-01 01:59:28,NYPD,New York City Police Department,Blocked Driveway,No Access,Street/Sidewalk,11230,BROOKLYN,Closed,,2025-01-01 01:59:32,14 BROOKLYN,48,Precinct 70,Brooklyn,Phone,40.61199649572436,-73.95796098305152,True,True,True,True,BROOKLYN,Closed,2025,1,January,Wednesday,1,2025-01-01,True,False,0.35305555555555557,0.014710648148148148,False,
63577145,2025-01-01 01:18:46,2025-01-01 03:33:02,NYPD,New York City Police Department,Blocked Driveway,No Access,Street/Sidewalk,11420,SOUTH OZONE PARK,Closed,,2025-01-01 03:33:06,10 QUEENS,28,Precinct 106,Queens,Online,40.67728516320664,-73.80966927800233,True,True,True,True,QUEENS,Closed,2025,1,January,Wednesday,1,2025-01-01,True,False,2.2377777777777776,0.09324074074074074,False,
63577151,2025-01-01 00:09:53,2025-01-01 02:04:13,NYPD,New York City Police Department,Abandoned Vehicle,With License Plate,Street/Sidewalk,11416,OZONE PARK,Closed,,2025-01-01 02:04:16,09 QUEENS,32,Precinct 102,Queens,Mobile,40.68354955375758,-73.85993826605797,True,True,True,True,QUEENS,Closed,2025,1,January,Wednesday,0,2025-01-01,True,False,1.9055555555555554,0.07939814814814815,False,
63577158,2025-01-01 01:05:47,2025-01-01 18:54:48,NYPD,New York City Police Department,Blocked Driveway,No Access,Street/Sidewalk,10462,BRONX,Closed,,2025-01-01 18:54:50,09 BRONX,18,Precinct 43,Bronx,Phone,40.83272998744818,-73.85603225645458,True,True,True,True,BRONX,Closed,2025,1,January,Wednesday,1,2025-01-01,True,False,17.816944444444445,0.7423726851851852,False,
63577160,2025-01-01 01:21:40,2025-01-01 04:00:05,NYPD,New York City Police Department,Blocked Driveway,No Access,Street/Sidewalk,11416,OZONE PARK,Closed,,2025-01-01 04:00:08,09 QUEENS,32,Precinct 102,Queens,Online,40.67977135260422,-73.85658239776355,True,True,True,True,QUEENS,Closed,2025,1,January,Wednesday,1,2025-01-01,True,False,2.640277777777778,0.11001157407407408,False,
63577231,2025-01-01 01:40:29,2025-01-01 03:57:50,NYPD,New York City Police Department,Blocked Driveway,Partial Access,Street/Sidewalk,10465,BRONX,Closed,,2025-01-01 03:57:53,10 BRONX,13,Precinct 45,Bronx,Online,40.81717089117237,-73.81260022052358,True,True,True,True,BRONX,Closed,2025,1,January,Wednesday,1,2025-01-01,True,False,2.2891666666666666,0.09538194444444444,False,
63577233,2025-01-01 00:35:38,2025-06-03 16:27:28,DPR,Department of Parks and Recreation,New Tree Request,For One Address,Street,11238,BROOKLYN,Closed,,2025-06-03 16:27:33,08 BROOKLYN,35,Precinct 77,Brooklyn,Mobile,40.67598628428223,-73.95968717284501,True,True,True,True,BROOKLYN,Closed,2025,1,January,Wednesday,0,2025-01-01,True,False,3687.863888888889,153.6609953703704,False,
63577242,2025-01-01 01:42:12,2025-01-02 12:49:24,DOHMH,Department of Health and Mental Hygiene,Rodent,Signs of Rodents,3+ Family Apt. Building,11216,BROOKLYN,Closed,,2025-01-01 01:42:12,08 BROOKLYN,35,Precinct 77,Brooklyn,Mobile,40.66996137140611,-73.95218195713814,True,True,True,True,BROOKLYN,Closed,2025,1,January,Wednesday,1,2025-01-01,True,False,35.12,1.4633333333333332,False,
63577252,2025-01-01 00:19:05,2025-01-01 01:46:20,NYPD,New York City Police Department,Illegal Fireworks,N/A,Residential Building/House,10301,STATEN ISLAND,Closed,,2025-01-01 01:46:24,01 STATEN ISLAND,49,Precinct 120,Staten Island,Online,40.62148456866026,-74.09744699589568,True,True,True,True,STATEN ISLAND,Closed,2025,1,January,Wednesday,0,2025-01-01,True,False,1.4541666666666666,0.06059027777777778,False,
63577253,2025-01-01 00:13:59,2025-01-01 00:46:14,NYPD,New York City Police Department,Illegal Fireworks,N/A,Residential Building/House,11226,BROOKLYN,Closed,,2025-01-01 00:46:17,14 BROOKLYN,40,Precinct 70,Brooklyn,Phone,40.64059287917061,-73.9612579493439,True,True,True,True,BROOKLYN,Closed,2025,1,January,Wednesday,0,2025-01-01,True,False,0.5375,0.022395833333333334,False,
63577254,2025-01-01 00:06:58,2025-01-01 00:42:19,NYPD,New York City Police Department,Illegal Fireworks,N/A,Residential Building/House,11368,CORONA,Closed,,2025-01-01 00:42:22,03 QUEENS,21,Precinct 115,Queens,Online,40.75732443338069,-73.8608948835659,True,True,True,True,QUEENS,Closed,2025,1,January,Wednesday,0,2025-01-01,True,False,0.5891666666666666,0.024548611111111108,False,
63577258,2025-01-01 00:21:22,2025-01-01 00:25:49,NYPD,New York City Police Department,Illegal Fireworks,N/A,Street/Sidewalk,11218,BROOKLYN,Closed,,2025-01-01 00:25:54,12 BROOKLYN,39,Precinct 66,Brooklyn,Online,40.63931449654212,-73.97332571600882,True,True,True,True,BROOKLYN,Closed,2025,1,January,Wednesday,0,2025-01-01,True,False,0.07416666666666667,0.003090277777777778,False,
63577259,2025-01-01 00:33:30,2025-01-01 01:19:28,NYPD,New York City Police Department,Illegal Fireworks,N/A,Street/Sidewalk,11421,,Closed,,2025-01-01 01:19:31,Unspecified QUEENS,,Precinct 102,Queens,Phone,,,True,True,False,True,QUEENS,Closed,2025,1,January,Wednesday,0,2025-01-01,True,False,0.7661111111111111,0.031921296296296295,False,
63577260,2025-01-01 00:26:54,2025-01-01 00:52:19,NYPD,New York City Police Department,Noise - Commercial,Banging/Pounding,Store/Commercial,11237,BROOKLYN,Closed,,2025-01-01 00:52:22,04 BROOKLYN,37,Precinct 83,Brooklyn,Mobile,40.69210198145407,-73.9054283749182,True,True,True,True,BROOKLYN,Closed,2025,1,January,Wednesday,0,2025-01-01,True,False,0.4236111111111111,0.01765046296296296,False,
63577267,2025-01-01 00:11:44,2025-01-01 00:47:03,NYPD,New York City Police Department,Noise - Commercial,Loud Music/Party,Club/Bar/Restaurant,11201,BROOKLYN,Closed,,2025-01-01 00:47:05,02 BROOKLYN,33,Precinct 84,Brooklyn,Online,40.69130537119105,-73.98439331099416,True,True,True,True,BROOKLYN,Closed,2025,1,January,Wednesday,0,2025-01-01,True,False,0.5886111111111111,0.02452546296296296,False,
63577271,2025-01-01 01:19:52,2025-01-01 01:29:00,NYPD,New York City Police Department,Noise - Commercial,Loud Music/Party,Store/Commercial,11220,BROOKLYN,Closed,,2025-01-01 01:29:03,07 BROOKLYN,38,Precinct 72,Brooklyn,Mobile,40.64434329179878,-74.00036755126067,True,True,True,True,BROOKLYN,Closed,2025,1,January,Wednesday,1,2025-01-01,True,False,0.15222222222222223,0.006342592592592593,False,
63577297,2025-01-01 00:10:05,2025-01-01 01:29:49,NYPD,New York City Police Department,Noise - Residential,Banging/Pounding,Residential Building/House,10455,BRONX,Closed,,2025-01-01 01:29:53,01 BRONX,17,Precinct 40,Bronx,Mobile,40.81808411260089,-73.91011224466467,True,True,True,True,BRONX,Closed,2025,1,January,Wednesday,0,2025-01-01,True,False,1.3288888888888888,0.05537037037037037,False,
63577301,2025-01-01 00:36:56,2025-01-01 01:34:26,NYPD,New York City Police Department,Noise - Residential,Loud Music/Party,Residential Building/House,10467,BRONX,Closed,,2025-01-01 01:34:29,07 BRONX,11,Precinct 52,Bronx,Phone,40.88042713278525,-73.87711292596249,True,True,True,True,BRONX,Closed,2025,1,January,Wednesday,0,2025-01-01,True,False,0.9583333333333334,0.03993055555555556,False,
63577302,2025-01-01 01:00:48,2025-01-01 01:03:40,NYPD,New York City Police Department,Blocked Driveway,Partial Access,Street/Sidewalk,11239,BROOKLYN,Closed,,2025-01-01 01:03:44,05 BROOKLYN,42,Precinct 75,Brooklyn,Online,40.65652159418593,-73.86916746113545,True,True,True,True,BROOKLYN,Closed,2025,1,January,Wednesday,1,2025-01-01,True,False,0.04777777777777778,0.001990740740740741,False,
63577327,2025-01-01 00:56:00,2025-01-03 13:25:00,DOT,Department of Transportation,Street Light Condition,Street Light Out,,10465,BRONX,Closed,,2025-01-03 13:25:00,10 BRONX,13,Precinct 45,Bronx,Unknown,40.83022469452674,-73.83403497743093,True,True,True,True,BRONX,Closed,2025,1,January,Wednesday,0,2025-01-01,True,False,60.483333333333334,2.520138888888889,False,
63577337,2025-01-01 00:17:47,2025-01-01 00:45:40,NYPD,New York City Police Department,Illegal Fireworks,N/A,Park/Playground,11413,SPRINGFIELD GARDENS,Closed,,2025-01-01 00:45:45,13 QUEENS,31,Unspecified,Queens,Online,40.6614662429789,-73.744183172168,True,True,True,True,QUEENS,Closed,2025,1,January,Wednesday,0,2025-01-01,True,False,0.4647222222222222,0.019363425925925926,False,
63577340,2025-01-01 00:54:31,2025-01-01 01:44:58,NYPD,New York City Police Department,Noise - Residential,Loud Music/Party,Residential Building/House,11206,BROOKLYN,Closed,,2025-01-01 01:45:01,03 BROOKLYN,36,Precinct 79,Brooklyn,Online,40.69554897637938,-73.9477856642867,True,True,True,True,BROOKLYN,Closed,2025,1,January,Wednesday,0,2025-01-01,True,False,0.8408333333333333,0.035034722222222224,False,
63577350,2025-01-01 00:23:31,2025-01-01 01:03:14,NYPD,New York City Police Department,Noise - Residential,Loud Music/Party,Residential Building/House,10468,BRONX,Closed,,2025-01-01 01:03:17,07 BRONX,11,Precinct 52,Bronx,Phone,40.87726112167844,-73.88648439907897,True,True,True,True,BRONX,Closed,2025,1,January,Wednesday,0,2025-01-01,True,False,0.6619444444444444,0.02758101851851852,False,
63577361,2025-01-01 00:16:53,2025-01-01 01:37:35,NYPD,New York City Police Department,Illegal Fireworks,N/A,Residential Building/House,11102,ASTORIA,Closed,,2025-01-01 01:37:38,01 QUEENS,22,Precinct 114,Queens,Online,40.770234948727165,-73.93406589828764,True,True,True,True,QUEENS,Closed,2025,1,January,Wednesday,0,2025-01-01,True,False,1.345,0.05604166666666666,False,
63577363,2025-01-01 00:27:37,2025-01-01 01:29:05,NYPD,New York City Police Department,Illegal Fireworks,N/A,Street/Sidewalk,10461,,Closed,,2025-01-01 01:29:08,10 BRONX,13,Precinct 45,Bronx,Phone,40.851908822255446,-73.83465681965173,True,True,True,True,BRONX,Closed,2025,1,January,Wednesday,0,2025-01-01,True,False,1.0244444444444445,0.04268518518518519,False,
63577364,2025-01-01 00:20:26,2025-01-01 00:41:08,NYPD,New York City Police Department,Illegal Fireworks,N/A,Street/Sidewalk,10302,STATEN ISLAND,Closed,,2025-01-01 00:41:10,01 STATEN ISLAND,49,Precinct 121,Staten Island,Online,40.63278826631479,-74.14169536198618,True,True,True,True,STATEN ISLAND,Closed,2025,1,January,Wednesday,0,2025-01-01,True,False,0.345,0.014374999999999999,False,
63577365,2025-01-01 00:17:42,2025-01-01 00:25:25,NYPD,New York City Police Department,Illegal Fireworks,N/A,Street/Sidewalk,11218,,Closed,,2025-01-01 00:25:29,12 BROOKLYN,39,Precinct 66,Brooklyn,Phone,40.64238459374032,-73.98041946139018,True,True,True,True,BROOKLYN,Closed,2025,1,January,Wednesday,0,2025-01-01,True,False,0.12861111111111112,0.005358796296296296,False,
63577370,2025-01-01 00:25:34,2025-01-01 00:31:57,NYPD,New York City Police Department,Noise - Commercial,Loud Music/Party,Club/Bar/Restaurant,10025,NEW YORK,Closed,,2025-01-01 00:32:00,07 MANHATTAN,07,Precinct 24,Manhattan,Online,40.799597178259965,-73.96259209004475,True,True,True,True,MANHATTAN,Closed,2025,1,January,Wednesday,0,2025-01-01,True,False,0.1063888888888889,0.004432870370370371,False,
63577380,2025-01-01 00:36:38,2025-01-01 00:37:01,NYPD,New York City Police Department,Illegal Fireworks,N/A,Street/Sidewalk,11232,BROOKLYN,Closed,,2025-01-01 00:37:06,12 BROOKLYN,38,Precinct 66,Brooklyn,Online,40.64478243522447,-73.99771540163759,True,True,True,True,BROOKLYN,Closed,2025,1,January,Wednesday,0,2025-01-01,True,False,0.006388888888888889,0.0002662037037037037,False,
63577381,2025-01-01 00:12:28,2025-01-01 00:33:50,NYPD,New York City Police Department,Illegal Fireworks,N/A,Street/Sidewalk,10308,,Closed,,2025-01-01 00:33:54,03 STATEN ISLAND,51,Precinct 122,Staten Island,Online,40.5403187143868,-74.15229281842191,True,True,True,True,STATEN ISLAND,Closed,2025,1,January,Wednesday,0,2025-01-01,True,False,0.3561111111111111,0.014837962962962963,False,
63577382,2025-01-01 00:25:05,2025-01-01 00:57:18,NYPD,New York City Police Department,Illegal Fireworks,N/A,Street/Sidewalk,11102,ASTORIA,Closed,,2025-01-01 00:57:20,01 QUEENS,22,Precinct 114,Queens,Online,40.77395351999379,-73.92424177009784,True,True,True,True,QUEENS,Closed,2025,1,January,Wednesday,0,2025-01-01,True,False,0.5369444444444444,0.022372685185185186,False,
63577383,2025-01-01 00:42:23,2025-01-01 01:28:16,NYPD,New York City Police Department,Illegal Fireworks,N/A,Street/Sidewalk,11226,,Closed,,2025-01-01 01:28:19,14 BROOKLYN,40,Precinct 70,Brooklyn,Online,40.64440630477864,-73.96408804484682,True,True,True,True,BROOKLYN,Closed,2025,1,January,Wednesday,0,2025-01-01,True,False,0.7647222222222222,0.03186342592592593,False,
63577385,2025-01-01 00:02:09,2025-01-01 00:10:31,NYPD,New York City Police Department,Illegal Fireworks,N/A,Street/Sidewalk,11237,BROOKLYN,Closed,,2025-01-01 00:10:34,04 BROOKLYN,37,Precinct 83,Brooklyn,Online,40.70021310205122,-73.91649593056079,True,True,True,True,BROOKLYN,Closed,2025,1,January,Wednesday,0,2025-01-01,True,False,0.13944444444444445,0.005810185185185186,False,
63577386,2025-01-01 00:36:56,2025-01-01 00:50:45,NYPD,New York City Police Department,Noise - Commercial,Loud Music/Party,Club/Bar/Restaurant,10304,STATEN ISLAND,Closed,,2025-01-01 00:50:50,02 STATEN ISLAND,50,Precinct 122,Staten Island,Phone,40.59137386335345,-74.10094963453786,True,True,True,True,STATEN ISLAND,Closed,2025,1,January,Wednesday,0,2025-01-01,True,False,0.23027777777777778,0.009594907407407408,False,
63577388,2025-01-01 00:34:36,2025-01-01 00:54:55,NYPD,New York City Police Department,Noise - Commercial,Loud Music/Party,Club/Bar/Restaurant,10016,NEW YORK,Closed,,2025-01-01 00:55:00,06 MANHATTAN,04,Precinct 17,Manhattan,Online,40.7486066822413,-73.97810369101492,True,True,True,True,MANHATTAN,Closed,2025,1,January,Wednesday,0,2025-01-01,True,False,0.3386111111111111,0.014108796296296295,False,
63577400,2025-01-01 01:15:24,2025-01-01 01:33:19,NYPD,New York City Police Department,Noise - Residential,Loud Music/Party,Residential Building/House,10459,BRONX,Closed,,2025-01-01 01:33:20,02 BRONX,17,Precinct 41,Bronx,Mobile,40.82066592008807,-73.89590246619456,True,True,True,True,BRONX,Closed,2025,1,January,Wednesday,1,2025-01-01,True,False,0.2986111111111111,0.01244212962962963,False,
63577402,2025-01-01 00:23:21,2025-01-01 00:54:36,NYPD,New York City Police Department,Noise - Residential,Loud Music/Party,Residential Building/House,10016,NEW YORK,Closed,,2025-01-01 00:54:40,06 MANHATTAN,02,Precinct 17,Manhattan,Mobile,40.743339560392265,-73.97837969074094,True,True,True,True,MANHATTAN,Closed,2025,1,January,Wednesday,0,2025-01-01,True,False,0.5208333333333334,0.02170138888888889,False,
